中文,英文,摘自,Comments
凡,the worldlings,《心经》的禅观,
凡夫,the ordinary people,《心经》的禅观,
凡夫心,"the mindset of an ordinary being
an unenlightened mind
the mundane mind","《心经》的禅观
向观音菩萨学修行
以茶入禅",
凡夫的境界,the realm of ordinary beings,《心经》的禅观,
圣,the enlightened/saint,《心经》的禅观/生命的痛苦及其解脱,
证果的圣者,enlightened sages,心灵创造幸福,
迷,delusion,《心经》的禅观,
觉/悟/觉悟/觉醒,awaken/awakening/enlightenment,《心经》的禅观/向观音菩萨学修行,
破迷开悟,"break through confusion and attain enlightenment
dispel ignorance and attain enlightenment
eradicate all delusions, and attain enlightenment","《心经》的禅观
当代宗教问题
禅意设计“十二字箴言”",
明,"light/luminosity/
clarity","《心经》的禅观
正念禅修的要领",
明的力量,the power of clarity,《心经》的禅观,
心本具的明性,the inherent clarity of the mind,《心经》的禅观,
佛性,the Buddha-nature,心灵创造幸福,
魔性,the demonic-nature,心灵创造幸福,
人性,the human nature,人工智能时代,
人心,the human mind,人工智能时代,
明心见性,"understanding our true nature/recognize the Buddha-nature/
realize the nature of the mind/understand oneself","《心经》的禅观/心灵创造幸福/
人工智能时代/生命的痛苦和解脱",
觉性,the nature of awakening/awakened nature/the Buddha-nature,《心经》的禅观/心灵创造幸福,
显现觉性,unveil one's awakened nature,向观音菩萨学修行,
开显觉性,reveal one's awakened nature/reveal one's Buddha-nature,向观音菩萨学修行/心灵创造幸福,
契入觉性,realize the awakened nature,向观音菩萨学修行,
证悟觉性,realize the Buddha-nature,人工智能时代,
回归觉性,return to one's awakened nature,向观音菩萨学修行,
安住于觉性,ground in the awakened nature,向观音菩萨学修行,
本自具足的觉性,the inherently complete and perfect Buddha-nature,人工智能时代,
觉悟/悟道,attain enlightenment,《心经》的禅观,
觉者,The Enlightened One,《心经》的禅观,
觉醒的潜质,the potential for awakening,《心经》的禅观,
成就觉醒,achieve enlightenment,《心经》的禅观,
正,righteousness,《心经》的禅观,
净/清净,purity,《心经》的禅观,
清净的,pure/calm,向观音菩萨学修行/心灵创造幸福,
清净心,pure mind,《心经》的禅观,
,a pure and clean mind/a pure heart,向观音菩萨学修行,
遮蔽,veil,《心经》的禅观,
迷惑,confusion,《心经》的禅观,
解除迷惑,dispell delusion/dispel confusion,《心经》的禅观/心灵创造幸福,
断除迷惑,eliminate confusion,《心经》的禅观,
解脱迷惑烦恼,liberate from confusion and affliction,《心经》的禅观,
看清真相,see the truth,心灵创造幸福,
智慧的,wise,《心经》的禅观,
开启智慧,unlock wisdom/awaken wisdom/cultivate wisdom,《心经》的禅观/向观音菩萨学修行,
般若智慧,the wisdom of Prajna/the Prajna wisdom,《心经》的禅观,
开发般若智慧,develope Prajna wisdom,《心经》的禅观,
开显般若智慧,unveil the wisdom of Prajna,《心经》的禅观,
迷失智慧,obscure wisdom,《心经》的禅观,
智慧光明,the illumination of wisdom/the light of wisdom,《心经》的禅观,
开启智慧光明,unlock the light of wisdom,《心经》的禅观,
无漏智慧,wisdom free from defilements,《心经》的禅观,
有如来智慧德相,possess the wisdom and virtues of the Tathagata,《心经》的禅观,
有成佛的潜力,have the potential to reach Buddhahood,《心经》的禅观,
圆满佛果,reach Buddhahood,向观音菩萨学修行,
成就圆满的智慧和慈悲,attain perfect wisdom and compassion,心灵创造幸福,
学佛,learn/study/practice Buddhism,《心经》的禅观,
功课,obligation,向观音菩萨学修行,
日常定课,daily recitation,《心经》的禅观,
念(名号),chant,《心经》的禅观,
念佛,recite the Buddha’s name,向观音菩萨学修行,
忆佛,recall the Buddha’s presence,向观音菩萨学修行,
都摄六根,calm the six sense faculties,向观音菩萨学修行,
净念相续,continuously chant with a pure mind,向观音菩萨学修行,
念诵(经文),recite,《心经》的禅观,
诵经,recite sutras,向观音菩萨学修行,
修行,"practice
spiritual practice","《心经》的禅观
人生五大问题",
修行,,,
修行要领,the essence of practice,《心经》的禅观,
修行纲领,the guiding principle of practicing,《心经》的禅观,
个人修行,individual cultivation,向观音菩萨学修行,
佛法修行,"Buddhist practice
Buddhist cultivation","向观音菩萨学修行
凡圣只在迷悟间",
修行结果,outcomes of practice,《心经》的禅观,
禅修/禅定,meditation/meditation practice/Chan practice,《心经》的禅观/茶与禅的修行,
观/观照,contemplation/observe,《心经》的禅观,
观照力,the power of observation/observational skill,《心经》的禅观/向观音菩萨学修行,
智慧观照,wisely observe/observe with wisdom/Vipashyana,《心经》的禅观/向观音菩萨学修行,
有造作的观照,discriminative observation,向观音菩萨学修行,
无造作的观照,non-discriminative observation,向观音菩萨学修行,
观智/观照的智慧,contemplative wisdom/reflective prajna/the wisdom of observation,《心经》的禅观/人工智能时代,
照破,see through,《心经》的禅观,
照见,illuminate,《心经》的禅观,
止/止禅,Samatha (concentration meditation)/Samatha meditation/concentration/samatha,《心经》的禅观/向观音菩萨学修行,
止禅,Samatha (calm meditation),禅意设计“十二字箴言”,
观禅/内观禅修,"Vipassana (observation meditation)/Vipassana meditation
Vipassana (insight meditation)","《心经》的禅观
禅意设计“十二字箴言”",
专注呼吸,focus on the breath,《心经》的禅观,
觉知,be aware of,《心经》的禅观,
觉知力,awareness,向观音菩萨学修行,
了了分明,clear/perceive all things clearly,向观音菩萨学修行,
了了明知,"reflect everything clearly and completely/
luminous knowing/clear and aware/clearly knowing
clear awareness/clear and complete awareness","《心经》的禅观/
正念禅修的要领
以茶入禅",
经行,walking meditation,《心经》的禅观,
见地,"perspective
insight","《心经》的禅观
凡圣只在迷悟间",
正见,the Right View,《心经》的禅观,
学习正见,acquire right views,向观音菩萨学修行,
建立正见,establish the right view,《心经》的禅观,
获得正见,attain right views,向观音菩萨学修行,
宗派,sect/school/sub-sect,《心经》的禅观/向观音菩萨学修行,
法门,Dharma Gate/teaching/method,《心经》的禅观/向观音菩萨学修行,
修行法门,"Dharma Gate (methods of practice)
the path of practice","向观音菩萨学修行
凡圣只在迷悟间",
xx菩萨的法门,teachings of xx bodhisattvas,向观音菩萨学修行,
般若法门,the teachings of prajna (wisdom),向观音菩萨学修行,
践行xx菩萨的法门,adhering to xx's teachings,向观音菩萨学修行,
修净土法门,practice the Pure Land method,《心经》的禅观,
净土宗,the Pure Land Sect,向观音菩萨学修行,
禅宗,Chan Buddhism/Chan school,《心经》的禅观/《六祖坛经》与心理治疗,
中观/中道,the Middle Way (Madhyamaka),《心经》的禅观/生命的痛苦及其解脱,
中观正见,the Middle Way (Madhyamaka) view/the right view of the Middle Way,《心经》的禅观,
般若正见,the right view of Prajna/the Prajna view,《心经》的禅观,
般若思想,"the Prajnaparamita thought
the Prajnaparamita teachings
the philosophy of Prajnaparamita","《心经》的禅观
东方智慧在当今世界的价值-文以载道
东方智慧在当今世界的价值-文以载道",
谈空说无,emphasize emptiness and non-being,《心经》的禅观,
般若系经典,the Prajnaparamita (Perfection of Wisdom) class of Buddhist sutras,《心经》的禅观,
般若经典,the Prajna sutras,《心经》的禅观,
般若正观,the correct observation of the Prajna wisdom,《心经》的禅观,
文字般若,the Prajna of texts/learned prajna,《心经》的禅观/向观音菩萨学修行,
观照般若,the Prajna of contemplation/reflective prajna,《心经》的禅观/向观音菩萨学修行,
实相般若,the Prajna of ultimate reality/cultivational prajna (prajna gained by direct experience),《心经》的禅观/向观音菩萨学修行,
甚深般若,deep Prajna Paramita,向观音菩萨学修行,
行深般若,practice deep Prajna Paramita,向观音菩萨学修行,
般若波罗蜜多,Prajna Paramita/prajnaparamita,《心经》的禅观,
佛经,Buddhist sutra,《心经》的禅观,
佛法,"the Dharma
Buddha Dharma
Buddhist teachings","《心经》的禅观
心灵创造幸福
从佛法视角谈“断舍离”",
经典,sutras/scriptures,《心经》的禅观/向观音菩萨学修行,
教言/教理,teachings/doctrine,《心经》的禅观,
玄奘三藏,the Tripitaka Master Xuanzang,《心经》的禅观,
生命体,living entity,《心经》的禅观,
五蕴,the Five Aggregates/five skandhas,《心经》的禅观/人工智能时代,
色,form,《心经》的禅观,
想,cognition,《心经》的禅观,
行（五蕴）,mental formations,《心经》的禅观,
识（五蕴）,consciousness,《心经》的禅观,
情感/情绪,emotions,《心经》的禅观,
意志造作,actions of will,《心经》的禅观,
五蕴皆空,Five Aggregates are all empty;,《心经》的禅观,
色身,"the physical body
the physical self","向观音菩萨学修行
心灵创造幸福",
五蕴色身,the physical body comprised of the Five Aggregates,《心经》的禅观,
五蕴身心,the Five Aggregates of body and mind,《心经》的禅观,
十二处,the Twelve Bases,《心经》的禅观,
六根,"the Six Internal Bases/six sense organs
six senses","《心经》的禅观
从佛法视角谈“断舍离”",
眼,eyes,《心经》的禅观,
耳,ears,《心经》的禅观,
鼻,nose,《心经》的禅观,
舌,tongue,《心经》的禅观,
身,body,《心经》的禅观,
意,mind,《心经》的禅观,
六尘,the Six External Bases/the Six Dusts (sensory fields),《心经》的禅观/禅意设计“十二字箴言”,
色（六尘）,sights,《心经》的禅观,
声,sounds,《心经》的禅观,
香,smells,《心经》的禅观,
味,tastes,《心经》的禅观,
触（六尘）,objects of touch,《心经》的禅观,
法,dharmas,《心经》的禅观,
六识,six types of consciousness,《心经》的禅观,
眼识,eye consciousness,《心经》的禅观,
耳识,ear consciousness,《心经》的禅观,
鼻识,nose consciousness,《心经》的禅观,
舌识,tongue consciousness,《心经》的禅观,
身识,body consciousness,《心经》的禅观,
意识,mind consciousness/consciousness,《心经》的禅观/生命的痛苦及其解脱,
末那识,the Manas consciousness,生命的痛苦及其解脱,
阿赖耶识,the Alaya consciousness,生命的痛苦及其解脱,
十八界,the Eighteen Elements,《心经》的禅观,
十二因缘/十二缘起,the Twelve Links of Dependent Origination,《心经》的禅观,
无明,ignorance/delusion,《心经》的禅观,
断除无明,eliminate ignorance,《心经》的禅观,
为无明所惑,be veiled by delusion,向观音菩萨学修行,
行（十二因缘）,formations,《心经》的禅观,
识（十二因缘）,consciousness,《心经》的禅观,
名色,name and form,《心经》的禅观,
六入,six sense bases,《心经》的禅观,
触（十二因缘）,contact,《心经》的禅观,
受（十二因缘）,feeling,《心经》的禅观,
爱,craving,《心经》的禅观,
取,grasping,《心经》的禅观,
有,becoming,《心经》的禅观,
生,birth,《心经》的禅观,
老,old age,《心经》的禅观,
死,death,《心经》的禅观,
六道,the six realms,向观音菩萨学修行,
生死轮回/六道轮回,"the cycle of samsara (the cycle of birth and death)/samsara/
the cycle of existence/the cycle of rebirth",《心经》的禅观/向观音菩萨学修行,
轮回的支撑,the fulcrums of samsara,《心经》的禅观,
轮回的因果,the causality of samsara,《心经》的禅观,
解脱的因果,the causality of liberation,煮茶观心,
周而复始,cycle endlessly,《心经》的禅观,
摆脱,free oneself from,《心经》的禅观,
解脱,liberation,《心经》的禅观,
成就解脱,achieve liberation/achieve nirvana,《心经》的禅观/人工智能时代,
解脱自在,liberation and ease,《心经》的禅观,
解脱自在的人生,a life of liberation and freedom,《心经》的禅观,
成就解脱自在的人生,achieve a life of liberation and ease,《心经》的禅观,
自在无碍,achieve absolute freedom,向观音菩萨学修行,
自主,autonomy,《心经》的禅观,
自在,freedom,《心经》的禅观,
得大自在,achieve great freedom/achieve ultimate freedom,《心经》的禅观,
观自在,“Avalokiteshvara” (Contemplate with Perfect Ease),《心经》的禅观,
观自在菩萨,Avalokiteshvara (Guan Zi Zai) Bodhisattva,《心经》的禅观,
观自在禅修营,Guanzizai Meditation Camp,向观音菩萨学修行,
彼岸,the other shore,《心经》的禅观,
到彼岸,reach the other shore,《心经》的禅观,
涅槃,nirvana,《心经》的禅观,
体认涅槃,realize nirvana,《心经》的禅观,
般涅槃/入灭,enter nirvana,向观音菩萨学修行,
造业,create karma,《心经》的禅观,
造(恶)业,create negative karma,向观音菩萨学修行,
造业感果,generate karma and experience its results,《心经》的禅观,
苦果,suffering results,生命的痛苦及其解脱,
业力,the force of karma/the karmic energy,《心经》的禅观/人工智能时代,
四谛（法门）,the Four Noble Truths,《心经》的禅观,
苦/苦谛,suffering,《心经》的禅观,
痛苦,suffering/pain,《心经》的禅观,
集/集谛,"accumulation
the cause of suffering","《心经》的禅观
煮茶观心",
灭/灭谛,"cessation
the cessation of suffering","《心经》的禅观
煮茶观心",
道/道谛,the path,《心经》的禅观,
八正道,the Noble Eightfold Path,《心经》的禅观,
正思惟,the Right Contemplation,当代宗教信仰问题的思考,
正语,the Right Speech,当代宗教信仰问题的思考,
正业,the Right Action,当代宗教信仰问题的思考,
正命,the Right Livelihood,当代宗教信仰问题的思考,
正精进,the Right Effort,当代宗教信仰问题的思考,
正念,"the Right Mindfulness
mindfulness","当代宗教信仰问题的思考
正念禅修的要领",
正定,the Right Concentration,当代宗教信仰问题的思考,
我,self/me,向观音菩萨学修行/心灵创造幸福,
形相/相,form,《心经》的禅观,
我、人、众生、寿者相,"the forms of the self, others, sentient beings and everything",生命的痛苦及其解脱,
我相,form of self,《心经》的禅观,
无我,no-self,《心经》的禅观,
无我相,no form of self,《心经》的禅观,
人相,form of others,《心经》的禅观,
无人相,no form of others,《心经》的禅观,
大众,the assembly/the congregation,向观音菩萨学修行,
众生,sentient being/living creatures,《心经》的禅观/心灵创造幸福,
众生相,form of living beings/form of sentient beings,《心经》的禅观/生命的痛苦及其解脱,
无众生相,no form of living beings,《心经》的禅观,
寿者相,form of everything,《心经》的禅观,
无寿者相,no form of everything,《心经》的禅观,
无相的,formless/devoid of form,《心经》的禅观/向观音菩萨学修行,
无住的,non-abiding,向观音菩萨学修行,
我执,"self-attachment
attachment to the self
self-clinging","《心经》的禅观
《心经》的禅观
开启正念与慈悲大爱",
成就我执,reinforce self-attachment,《心经》的禅观,
法执,attachment to Dharmas(phenomena),《心经》的禅观,
我法二执,"attachment to the self and phenomena
the dualistic attachment to self and phenomena
the dual attachment to self and phenomena","《心经》的禅观
开启正念与慈悲大爱
以茶入禅",
自我的重要感,a sense of self-importance/self-importance,《心经》的禅观,
优越感,superiority,《心经》的禅观,
主宰欲,dominance/the desire to dominate,《心经》的禅观/《六祖坛经》与心理治疗,
三句式,the tripartite formula,《心经》的禅观,
"所谓…即非…
是名…","…is spoken of as no … therefore, it is called…",《心经》的禅观,
不,negation,当代宗教信仰问题的思考,
空/空性,emptiness,《心经》的禅观,
xx的空性,the emptiness of xx,《心经》的禅观,
体认空性,realise emptiness/experience the nature of emptiness,《心经》的禅观,
契入空性,enter into the state of emptiness,《心经》的禅观,
通达空性,understand emptiness/realize emptiness,《心经》的禅观/正念禅修的要领,
安住空性,reside in the state of emptiness,向观音菩萨学修行,
透过现象的空,through the phenomenal emptiness,《心经》的禅观,
知识上的空,intellectual understanding of emptiness,《心经》的禅观,
xx现象的本质就是空性,The phenomena of xx are empty in nature.,《心经》的禅观,
空性智慧,the wisdom of emptiness,《心经》的禅观,
获得空性智慧,acquire the wisdom of emptiness,《心经》的禅观,
对xx的空性禅修,a meditation on the emptiness of,《心经》的禅观,
空性观修,perform meditations on emptiness,向观音菩萨学修行,
完成空性禅修,engage in meditation on emptiness,《心经》的禅观,
缘起/缘起法,"dependent origination/dependent arising/
the Law of Dependent Origination","《心经》的禅观/禅意设计“十二字箴言”
/生命的痛苦和解脱",
缘起的,dependently-originated/conditioned,人工智能时代/当代宗教信仰问题的思考,
在缘起的当下,at the moment of dependent origination,《心经》的禅观,
在缘起层面,on the level of dependent origination,《心经》的禅观,
缘起的现象,phenomena arising from dependent origination,《心经》的禅观,
缘起的生命现象,the dependent co-arising of life,当代宗教信仰问题的思考,
因缘因果,"the principle of cause and effect/law of cause and effect/
the principles of dependent origination and causality/causality/
the law of causality",《心经》的禅观/心灵创造幸福,
因缘关系的假相,a provisional appearance based on interdependent origination,《心经》的禅观,
"缘起假相/
条件关系的假相",false appearances arising from conditions,《心经》的禅观,
固定不变的实体,"permanent, unchanging entity",《心经》的禅观,
有的现象,the phenomena of existence,《心经》的禅观,
自性的,inherent,《心经》的禅观,
菩提自性,the nature of Bodhi,《心经》的禅观,
无自性,the lack of inherent nature/lack inherent existence/empty of intrinsic existence/have no self-nature,《心经》的禅观/人工智能时代/生命的痛苦和解脱,
xx的无自性,the lack of inherent nature of xx,《心经》的禅观,
没有自性,lack inherent nature,《心经》的禅观,
有无自性的知识,understand the principle of no inherent nature,《心经》的禅观,
无自性空,the ultimate emptiness of inherent existence,《心经》的禅观,
无自性空的,with its essence lacking a self-nature,当代宗教信仰问题的思考,
是无自性的存在,be devoid of inherent existence,《心经》的禅观,
无自性的观修,practice this insight of non-inherent existence,《心经》的禅观,
自性见,"inherent views/a view of inherent existence
view of inherent nature","《心经》的禅观
《六祖坛经》与心理治疗",
产生自性见,"project the inherent views onto/attribute inherent nature to/
form inherent views",《心经》的禅观,
无住生心,"give rise to a mind without dwelling anywhere/
achieve a mindset that does not dwell on anything/
give rise to a mind that does not abide in anything/
cultivate a mind that clings to nothing.","《心经》的禅观
人工智能时代
生命的痛苦和解脱",
无住,"no dwelling/clinging to nothing
non-abiding
non-abidance","《心经》的禅观
生命的痛苦及其解脱
开启正念与慈悲大爱",
境界,state/the spiritual attainment,《心经》的禅观/禅意设计“十二字箴言”,
一种境界,a state of being,《心经》的禅观,
令人向往的境界,a state of aspiration,《心经》的禅观,
以见导行,guide action with insight,《心经》的禅观,
指导言行,guide one’s words and actions,《心经》的禅观,
待人处事,interact with others,《心经》的禅观,
积集资粮,accumulate merits,《心经》的禅观,
智慧,wisdom,《心经》的禅观,
同情心,empathy,人工智能时代,
慈悲,compassion,《心经》的禅观,
慈悲心,"a compassionate mind
compassion
the mind of loving-kindness and compassion","向观音菩萨学修行
心灵创造幸福
以茶入禅",
感恩心,gratitude,心灵创造幸福,
恭敬心,respect,心灵创造幸福,
悲愿,vow of compassion,向观音菩萨学修行,
悲智双运,"practice both compassion and wisdom
integrate compassion with wisdom","《心经》的禅观
当代宗教信仰问题的思考",
大慈大悲,great loving-kindness and compassion/great compassion,向观音菩萨学修行,
慈悲大爱,"compassion and love
loving-kindness and all-encompassing love
universal compassion","心灵创造幸福
人工智能时代
开启正念与慈悲大爱",
生起同体大悲之心,foster a compassion for xx as though xx were extensions of our own bodies,向观音菩萨学修行,
无缘大慈,great unconditional loving-kindness/great loving-kindness without affinity,向观音菩萨学修行,
同体大悲,great compassion of sameness/unconditional compassion with same unity,向观音菩萨学修行,
共同体,unity,向观音菩萨学修行,
证悟和六道众生的共同体,attain the state of unity with all sentient beings across the six realms,向观音菩萨学修行,
平等无别地,"equally, without distinction",向观音菩萨学修行,
悲悯的,compassionate,向观音菩萨学修行,
大悲心,great compassion,向观音菩萨学修行,
念大悲心,invoke great compassion,向观音菩萨学修行,
长养慈悲,cultivate one's loving nature,心灵创造幸福,
梵语,Sanskrit,《心经》的禅观,
菩提树,the Bodhi tree,《心经》的禅观,
六祖惠能,the Sixth Patriarch Huineng of Chan Buddhism,《心经》的禅观,
圆满的,complete/complete and perfect,《心经》的禅观/向观音菩萨学修行,
成佛,attain/achieve Buddhahood,《心经》的禅观,
成佛潜质,the potential to become a buddha,《心经》的禅观,
三毒,the Three Poisons,《心经》的禅观,
贪,greed,《心经》的禅观,
嗔,hatred/anger/aversion(更温和),《心经》的禅观/八步骤三种禅修,
痴,ignorance,《心经》的禅观,
生命永恒的困惑,the eternal perplexities of life,《心经》的禅观,
烦恼,afflictions,《心经》的禅观,
惑,delusion,《心经》的禅观,
业,karma,《心经》的禅观,
不善业/恶业/恶的行为,unwholesome actions/negative karma,《心经》的禅观/生命的痛苦及其解脱,
杀,killing,《心经》的禅观,
盗,stealing,《心经》的禅观,
淫,sexual misconduct,《心经》的禅观,
妄,lying,《心经》的禅观,
虚空,void,《心经》的禅观,
名号,sacred name,向观音菩萨学修行,
（佛陀的)十大名号,ten great epithets,《心经》的禅观,
正遍知（名号）,"Samyaksaṃbuddha/the Perfectly Enlightened One
Samyak-sambuddha/Perfect and Complete Knowing","《心经》的禅观
以茶入禅",
正遍知（能力）,omniscience/correct peerless enlightenment,《心经》的禅观,
善逝,Well Gone (Sugata),心灵创造幸福,
祖师,"the ancestral masters
ancient masters
Patriarch","《心经》的禅观
生命的痛苦及其解脱
《六祖坛经》与心理治疗",
禅宗祖师,Chan master,《心经》的禅观,
禅宗修行,Chan (Zen) meditation,向观音菩萨学修行,
念头/思想/心念,thought,《心经》的禅观,
跳出念头,step beyond thoughts,《心经》的禅观,
妄念,deluded thoughts/distracting thoughts,《心经》的禅观,
心,the true mind/the mind,《心经》的禅观,
贪著/粘著/执著,cling/cling to/attachment,《心经》的禅观,
粘性,stickiness,《心经》的禅观,
显现,"manifest
reveal","《心经》的禅观
以茶入禅",
出生万物,give rise to all phenomena,《心经》的禅观,
含藏万物,encompass all things,《心经》的禅观,
不能自主,unable to move freely,《心经》的禅观,
自在自主,free and autonomous,《心经》的禅观,
如来如去,come and go as one pleases,《心经》的禅观,
二元世界,"the dualistic world
a world of duality","《心经》的禅观
开启正念与慈悲大爱",
分别,distinction,《心经》的禅观,
虚妄分别,fantasies and distinctions,向观音菩萨学修行,
二元对立,"a dualistic opposition, dualistic opposites, duality
in binary terms, binary opposition","《心经》的禅观
人工智能时代
生命的痛苦和解脱",
超越二元对立,transcend duality,《心经》的禅观,
开宗明义,clarify from the outset,《心经》的禅观,
宗旨,essence,《心经》的禅观,
经题,title,《心经》的禅观,
常的,permanent,《心经》的禅观,
常/永恒/恒常,permanence,《心经》的禅观,
无常的,impermanent,《心经》的禅观,
无常,impermanence,《心经》的禅观,
诸法唯识,consciousness-only,向观音菩萨学修行,
缘起性空,"dependent-origination, empty of intrinsic nature/the Dependently Originated and Empty Nature",向观音菩萨学修行/生命的痛苦和解脱,
串习,"habits/a habitual state/
ingrained habits/habitual patterns",《心经》的禅观/正念禅修的要领,
善巧,skillful means,《心经》的禅观,
善巧地,sensibly,禅意设计“十二字箴言”,
"选择一个
所缘对象",choose an object of focus,《心经》的禅观,
纷飞的念头,the flurry of thoughts,《心经》的禅观,
朗照无住,"reflect everything clearly and completely without dwelling
illuminate everything without dwelling on anything
illuminate without attachment
illumination","《心经》的禅观
《心经》的禅观
向观音菩萨学修行
正念禅修的要领",
降伏,subdue,《心经》的禅观,
生（动词）,arise,《心经》的禅观,
灭（动词）,cease,《心经》的禅观,
为  所动,be swayed by,《心经》的禅观,
身不由己,feel out of control,《心经》的禅观,
放下,let go,《心经》的禅观,
安住于,abide in/dwell in,《心经》的禅观,
现象,phenomena,《心经》的禅观,
灾难,calamities,《心经》的禅观,
实实在在的,real and tangible/concrete,《心经》的禅观,
一体的,inseparable,《心经》的禅观,
永恒的期待,eternal expectations,《心经》的禅观,
认识,perception/comprehension/cognition,《心经》的禅观,
依托点,underlying basis,《心经》的禅观,
产生基础,source,《心经》的禅观,
设定,assumption,《心经》的禅观,
产生自我的设定和执著,form an assumption and attachment of self,《心经》的禅观,
有就是有,existence means presence,《心经》的禅观,
空就是没有,emptiness means absence,《心经》的禅观,
唯识宗,"the Consciousness-only sect of Buddhism/
the School of Consciousness-Only/
Yogacara",《心经》的禅观,
遍计所执,attachment to all-pervasive discrimination/ubiquitous attachments/parikalpita/attachment arising out of pervasive discrimination,"《心经》的禅观/向观音菩萨学修行/
生命的痛苦和解脱",
进入遍计所执,enter into the state of being attached to all-pervasive discrimination,《心经》的禅观,
三分法,a threefold classification,《心经》的禅观,
三性,the Three Natures,《心经》的禅观,
遍计所执性,"the Imaginary Nature (the nature of existence produced 
from attachment to all-pervasive discrimination)",《心经》的禅观,
依他起性,"the Dependent Nature (the nature of existence as arising 
from dependence on other things)",《心经》的禅观,
圆成实性,the Absolute Nature (the perfectly accomplished nature of reality),《心经》的禅观,
典故,anecdote,《心经》的禅观,
如实的,accurate/truthful,《心经》的禅观/心灵创造幸福,
如实认识,true understanding/seeing reality as it is,《心经》的禅观/心灵创造幸福,
色,form,《心经》的禅观,
色法,form dharmas,《心经》的禅观,
物质,materiality,《心经》的禅观,
物质现象,material phenomena,《心经》的禅观,
显色,visible appearance,《心经》的禅观,
形色,form,《心经》的禅观,
空、无、不,"“emptiness,” “no,” and “not.”",《心经》的禅观,
认识事物,perceive things,《心经》的禅观,
真相,the true nature,《心经》的禅观,
实相,the ultimate reality,《心经》的禅观,
在实相上,in (the) ultimate reality,《心经》的禅观,
看到实相,see the true nature,《心经》的禅观,
般若中观体系,the Middle Way system,《心经》的禅观,
世俗谛,the conventional truth (samvrti-satya),《心经》的禅观,
胜义谛/真谛,the ultimate truth (paramartha-satya),《心经》的禅观,
依他起的现象,phenomena arising from conditions,《心经》的禅观,
在认识现象的当下,at the moment of perceiving phenomena,《心经》的禅观,
不异的,not separate,《心经》的禅观,
一体的两面,two sides of the same coin,《心经》的禅观,
三段式,a tripartite formula,《心经》的禅观,
不依赖条件的,self-sustaining,《心经》的禅观,
不常不断,neither permanent nor annihilated,《心经》的禅观,
不生不灭,"neither arising nor ceasing
not arising nor ceasing",《心经》的禅观,
不一不异,neither identical nor different,《心经》的禅观,
不来不去,neither coming nor going,《心经》的禅观,
不垢不净,not defiled nor pure/neither taint nor purify,《心经》的禅观/茶与禅的修行,
不增不减,not increasing nor decreasing/neither increase nor decrease,《心经》的禅观/茶与禅的修行,
诸法,all dharmas,《心经》的禅观,
一切法,all things,《心经》的禅观,
自生,arise on one's own,《心经》的禅观,
自生的,self-arising,《心经》的禅观,
他生,arise from an “other”,《心经》的禅观,
他生的,other-arising,《心经》的禅观,
共生,arise through a combination of self and other,《心经》的禅观,
共生的,co-arising,《心经》的禅观,
龙树菩萨,Bodhisattva Nagarjuna,《心经》的禅观,
提婆菩萨,Bodhisattva Deva,《心经》的禅观,
生活现象,phenomena in life,《心经》的禅观,
法界,"the Dharmadhatu (realm of reality)
Dharma Realm","《心经》的禅观
向观音菩萨学修行",
在十方法界,across the ten Dharma Realms,向观音菩萨学修行,
尽虚空遍法界,fill the entire space and pervade all Dharma Realms,禅意设计“十二字箴言”,
支点,fulcrum/support,《心经》的禅观,
菩萨道,the Bodhisattva Path,《心经》的禅观,
行菩萨道,walk the bodhisattva path,向观音菩萨学修行,
解脱道,"the path of liberation
the liberation journey","《心经》的禅观
开启正念与慈悲大爱",
声闻,"the Sravakayana
Sravakas","《心经》的禅观
从佛法视角谈“断舍离”",
声闻的境界,the realm of Sravakayana,《心经》的禅观,
声闻解脱道的修行,the practice of the Sravakayana following the path of liberation,《心经》的禅观,
三十七道品,the Thirty-Seven Aids to Enlightenment/the Thirty-Seven Factors of Enlightenment,《心经》的禅观/生命的痛苦及其解脱,
四念处,"the Four Applications of Mindfulness
the four foundations of mindfulness","《心经》的禅观
开启正念与慈悲大爱",
观身不净,the body is impure/contemplate the body as impure,《心经》的禅观/生命的痛苦及其解脱,
观受是苦,the feeling is suffering,《心经》的禅观,
观心无常,the mind is impermanent,《心经》的禅观,
观法无我,there is no self in all phenomena,《心经》的禅观,
了不可得的,unattainable,《心经》的禅观,
精进,apply diligence,《心经》的禅观,
因缘,"the causes and conditions
karmic condition","《心经》的禅观
《六祖坛经》与心理治疗",
能,subjects,《心经》的禅观,
所,objects,《心经》的禅观,
能认识,the subjects of cognition,《心经》的禅观,
所认识,the objects of cognition,《心经》的禅观,
如梦如幻,"like/as dreams and illusions
be like a dream, an illusion","《心经》的禅观
茶与禅的修行",
道场,a place of practice,《心经》的禅观,
厌离,repulse,《心经》的禅观,
没有能也没有所,devoid of both subject and object,《心经》的禅观,
身心疲惫,physically and mentally exhausted,《心经》的禅观,
胡思乱想,be plagued by thoughts,《心经》的禅观,
患得患失,swing/fluctuate between hope and fear,《心经》的禅观,
挂碍,obstacle/burden/attachment/cling,《心经》的禅观,
无所得,non-attainment,《心经》的禅观,
颠倒梦想,delusional dream,《心经》的禅观,
空灵,etherealnes,《心经》的禅观,
诸佛,all buddhas,《心经》的禅观,
阿耨多罗三藐三菩提,Anuttara-samyak-sambodhi (the highest perfect awakening),《心经》的禅观/向观音菩萨学修行,
成阿耨多罗三藐三菩提,attain Anuttara-samyak-sambodhi,向观音菩萨学修行,
无上正等正觉,supreme perfect enlightenment,《心经》的禅观,
殊胜,excellence,《心经》的禅观,
殊胜的,auspicious/exceptional/wondrous and supreme,《心经》的禅观/向观音菩萨学修行,
真实不虚,true and not deceptive,《心经》的禅观,
咒/咒语,mantra,《心经》的禅观,
发心/愿心,aspiration/resolve and motivation,《心经》的禅观/当代宗教问题,
初发心,the beginning vows,当代宗教信仰问题的思考,
初发心非常猛利,with great resolve and motivation at the beginning,当代宗教信仰问题的思考,
发愿,vow,向观音菩萨学修行,
出离心,"renunciation
the mind of renunciation","当代宗教信仰问题的思考
开启正念与慈悲大爱",
菩提心,"bodhicitta
the mind of bodhicitta
the Bodhi mind","《心经》的禅观
开启正念与慈悲大爱
煮茶观心",
世俗菩提心,conventional bodhicitta,向观音菩萨学修行,
胜义菩提心,ultimate bodhicitta,向观音菩萨学修行,
发出离心,initiate the mind of renunciation/develop the mind of renunciation,开启正念与慈悲大爱,
发菩提心,"cultivate the bodhicitta, the mind of enlightenment
give rise to bodhicitta
initiate the mind of bodhicitta","《心经》的禅观
向观音菩萨学修行
开启正念与慈悲大爱",
践行/实践菩提心,practice bodhicitta,向观音菩萨学修行,
行持,practices,向观音菩萨学修行,
具体行持,practical conduct,《心经》的禅观,
功德,virtues/merits,向观音菩萨学修行,
无量无边的殊胜功德,the immeasurable superior merits,向观音菩萨学修行,
利益一切众生,benefite all sentient beings,《心经》的禅观,
利器,a powerful tool,《心经》的禅观,
向xx学修行,studying the Path with,向观音菩萨学修行,
xx菩萨圣诞日,xx Bodhisattva’s (sacred) Birthday,向观音菩萨学修行,
xx菩萨成道日,xx Bodhisattva’s Enlightenment Day,向观音菩萨学修行,
身世,origin,向观音菩萨学修行,
记载,account,向观音菩萨学修行,
耳根圆通,achieve Perfect Realization Based on the Auditory Faculty,向观音菩萨学修行,
耳根圆通的修行,the practice of perfect realization based on the auditory faculty,向观音菩萨学修行,
耳根圆通的法门,method of achieving Perfect Realization Based on the Auditory Faculty,向观音菩萨学修行,
大悲周遍的修行,the practice of all-encompassing great compassion,向观音菩萨学修行,
信众,devotee/Buddhist,向观音菩萨学修行/心灵创造幸福,
敬香,offer incense,向观音菩萨学修行,
礼佛,pay homage to buddhas and bodhisattvas/venerate the buddhas,向观音菩萨学修行,
香火鼎盛,the scent of incense permeate the air,向观音菩萨学修行,
烧香,burn incense,向观音菩萨学修行,
祈福,seek blessing,向观音菩萨学修行,
(思想)相契/相应,resonate,向观音菩萨学修行,
(行为)相应,align with,向观音菩萨学修行,
和佛菩萨相应,connect with buddhas and bodhisattvas,向观音菩萨学修行,
和佛菩萨感应道交,resonate and connect with buddhas and bodhisattvas,向观音菩萨学修行,
玄学,metaphysics,《心经》的禅观,
如理如法,align with the Dharma,向观音菩萨学修行,
正信,"right faith
right belief","向观音菩萨学修行
当代宗教信仰问题的思考",
正信的,authentic,当代宗教信仰问题的思考,
迷信,"superstition
superstitious belief","向观音菩萨学修行
当代宗教信仰问题的思考",
邪信,deviant belief,当代宗教信仰问题的思考,
盲信,blind faith,向观音菩萨学修行,
忆念三宝,remember the Three Jewels,向观音菩萨学修行,
见贤思齐,emulate the virtuous,向观音菩萨学修行,
信佛,embrace Buddhism,向观音菩萨学修行,
圆满xx菩萨的品质,acquirie xx's perfected/perfect qualities,向观音菩萨学修行,
xx菩萨的本怀,the true intention of xx,向观音菩萨学修行,
出世本怀,he true purpose of his appearance in our world,向观音菩萨学修行,
(佛陀出世的)本怀,the very reason,向观音菩萨学修行,
(佛菩萨)出世,appeare in the world,向观音菩萨学修行,
佛菩萨出世,buddhas and bodhisattvas appeare in our world/come to this world,向观音菩萨学修行,
佛陀出世,the Buddha’s appearance in this world,向观音菩萨学修行,
以种种方便,skillfully employ various methods,向观音菩萨学修行,
依教奉行,"follow the teachings as guidance in one's spiritual cultivation
practise according to the teachings
practice according to Buddha's teachings","向观音菩萨学修行
当代宗教问题
当代宗教信仰问题的思考",
善根,virtuous roots/wholesome root,向观音菩萨学修行,
种点善根,plant some seeds of merit,向观音菩萨学修行,
坏人善根,ruin good roots,当代宗教信仰问题的思考,
求求拜拜,pray for/seek blessings/pray and worship,向观音菩萨学修行/当代宗教问题,
烧香礼佛,praying and incense burning/burn incense or bow before the buddhas,当代宗教信仰问题的思考,
净化内心,cleanse one's minds,向观音菩萨学修行,
开示众生悟入佛的知见,awaken all sentient beings to his wisdom,向观音菩萨学修行,
引导众生行佛所行,guide them along the path he took,向观音菩萨学修行,
证佛所证,help them to realize the same enlightenment,向观音菩萨学修行,
护佑,safeguard,向观音菩萨学修行,
外在加持/保佑,external blessings,向观音菩萨学修行,
成就菩萨品质,cultivate bodhisattvas' qualities,向观音菩萨学修行,
因缘/缘分,karmic connection,向观音菩萨学修行,
与xx缘分特别深,have a profound connection with,向观音菩萨学修行,
供奉,worship,向观音菩萨学修行,
供养,make offerings,向观音菩萨学修行,
本师释迦牟尼佛,Shakyamuni Buddha,向观音菩萨学修行,
寻声救苦,"commit to helping those in distress
respond to the cries of suffering beings
hear and respond to cries of suffering","向观音菩萨学修行
向观音菩萨学修行
向观音菩萨学修行",
登地菩萨,bodhisattvas who realized emptiness,向观音菩萨学修行,
初地,the first stage,向观音菩萨学修行,
十地,the 10th stage,向观音菩萨学修行,
从初地超第八地,advance from the first to the eighth Bhumi (stage of bodhisattva),向观音菩萨学修行,
久远劫,countless kalpas,向观音菩萨学修行,
在过去无量亿劫,countless billions of kalpas ago/uncountable kalpas before,向观音菩萨学修行,
宣说,teach,向观音菩萨学修行,
佛世,at the Buddha’s time,向观音菩萨学修行,
大悲咒,"Nilakantha Dharani, the Great Compassion Mantra/Dharani",向观音菩萨学修行,
如是我闻,"Thus I have heard,",向观音菩萨学修行,
示现神通,demonstrate one's supernatural powers,向观音菩萨学修行,
菩萨摩诃萨,Bodhisattva Mahasattvas,向观音菩萨学修行,
大声闻僧,great sravakas,向观音菩萨学修行,
天人,heavenly beings/devas,向观音菩萨学修行,
三恶道,"the Three Evil Paths
the Three Wretched Realms (the realms of hell beings, hungry ghosts, and animals)","向观音菩萨学修行
生命的痛苦及其解脱",
西方三圣,the Three Saints of the Pure Land,向观音菩萨学修行,
阿弥陀佛/无量寿佛,Amitabha Buddha,向观音菩萨学修行,
大势至菩萨,Mahasthamaprapta Bodhisattva,向观音菩萨学修行,
观世音菩萨/观音菩萨,Guanshiyin/Guanyin Bodhisattva,《心经》的禅观,
文殊菩萨,Manjushri Bodhisattva,向观音菩萨学修行,
地藏菩萨,Ksitigarbha Bodhisattva,向观音菩萨学修行,
普贤菩萨,Samantabhadra Bodhisattva,向观音菩萨学修行,
大悲,great compassion,向观音菩萨学修行,
大悲愿力,the power of one's great compassionate vows,向观音菩萨学修行,
大智,great wisdom,向观音菩萨学修行,
大愿,great vows,向观音菩萨学修行,
大行,great conduct,向观音菩萨学修行,
十方如来,all Tathagatas of the ten directions,向观音菩萨学修行,
千光王静住如来,Thousand Rays King Stillness Tathagata,向观音菩萨学修行,
正法明如来,True Dharma Brightness Tathagata/the Tathagata who Clearly Understands the True Law,向观音菩萨学修行,
宝藏如来,Treasure Tathagata,向观音菩萨学修行,
转轮圣王,a Chakravartin Wheel-Turning Monarch,向观音菩萨学修行,
"广大圆满无碍
大悲心陀罗尼","Vast, Perfect, Unimpeded, Great Compassionate Heart Dharani",向观音菩萨学修行,
授记,"predict one’s future attainment of Buddhahood/bestow upon xx prophecies/
give a prophecy to",向观音菩萨学修行,
利益安乐一切众生,comfort and benefit all sentient beings,向观音菩萨学修行,
安乐成熟诸众生,comfort and enlighten all living beings,向观音菩萨学修行,
甚深法义,the profound teaching of the Dharma,向观音菩萨学修行,
多闻第一,foremost in hearing and remembering the Buddha’s teachings,向观音菩萨学修行,
阿难,Ananda,向观音菩萨学修行,
阿难尊者,Venerable Ananda,向观音菩萨学修行,
娑婆世界,in the Saha World,向观音菩萨学修行,
堪忍,endure,向观音菩萨学修行,
天灾人祸,natural disasters and human-caused catastrophes/natural or human-made disasters/natural disasters and man-made calamities,向观音菩萨学修行/心灵创造幸福,
五浊恶世,the Five Turbidities of the Evil Age,向观音菩萨学修行,
劫浊,Turbidity of the Age,向观音菩萨学修行,
见浊,Turbidity of Views,向观音菩萨学修行,
烦恼浊,"Turbidity of Afflictions,",向观音菩萨学修行,
众生浊,Turbidity of Sentient Beings,向观音菩萨学修行,
命浊,Turbidity of the Lifespan,向观音菩萨学修行,
倒驾慈航,return to this world,向观音菩萨学修行,
广度众生,liberate all beings/liberate all sentient beings,向观音菩萨学修行,
为彼佛下,under that Buddha,向观音菩萨学修行,
苦行的,ascetic,向观音菩萨学修行,
蒙其教化,learn from one's teachings,向观音菩萨学修行,
不可思议威神之力,unimaginable mighty and holy powers,向观音菩萨学修行,
得无上道,achieve the supreme path,向观音菩萨学修行,
转妙法轮,turn the Wheel of the Dharma,向观音菩萨学修行,
在xx的指点教化,under his tutelage,向观音菩萨学修行,
走上觉悟之道,set out on his journey to enlightenment,向观音菩萨学修行,
大音声,great and righteous voice,向观音菩萨学修行,
回向,transfer,向观音菩萨学修行,
退失正法,stray from the true Dharma,向观音菩萨学修行,
天耳,divine ear,向观音菩萨学修行,
天眼,divine eye,向观音菩萨学修行,
安乐,"peace and happiness
happiness","向观音菩萨学修行
四无量心的观修",
善男子,virtuous man,向观音菩萨学修行,
第二恒河沙等阿僧祇劫后分,in the latter part of the second asamkhyeya kalpa,向观音菩萨学修行,
初夜,the initial division of the nigh,向观音菩萨学修行,
一切珍宝所成就世界,World-Accomplished-with-All-Jewels,向观音菩萨学修行,
以种种身相,take on different forms,向观音菩萨学修行,
自利/利己,benefit oneself/self-benefit,向观音菩萨学修行,
利他,benefit others/altruism,向观音菩萨学修行,
圆满佛菩萨的品质,perfect the qualities of buddhas and bodhisattvas,向观音菩萨学修行,
生命品质,life qualities,向观音菩萨学修行,
现有生命的过患,the perils of our current existence,向观音菩萨学修行,
转凡成圣,transform from ordinary beings into saints,向观音菩萨学修行,
鸠摩罗什,Kumarajiva,向观音菩萨学修行,
迷惑系统,the system of delusion,向观音菩萨学修行,
如实见,see things as they truly are,向观音菩萨学修行,
宇宙人生的本质,the true essence of life and the universe,向观音菩萨学修行,
三大语系,three main Buddhist traditions,向观音菩萨学修行,
汉传,"Mahayana/Han
Chinese","向观音菩萨学修行
东方智慧在当今世界的价值-文以载道",
大乘佛教,Mahayana Buddhism,向观音菩萨学修行,
大乘经典,Mahayana scriptures,向观音菩萨学修行,
南传,Theravada,向观音菩萨学修行,
藏传,Vajrayana/Tibetan,向观音菩萨学修行,
假合,a provisional synthesis/provisional coalescence,向观音菩萨学修行/生命的痛苦和解脱,
安然,tranquility,向观音菩萨学修行,
内观/向内观照,introspection,向观音菩萨学修行,
如来藏,Tathagatagarbha,向观音菩萨学修行,
如来藏的见地,the principle of Tathagatagarbha,向观音菩萨学修行,
直指,directly target one's original nature,向观音菩萨学修行,
直指人心,"aim directly at our innate nature
point directly to the original mind","向观音菩萨学修行
正念禅修的要领",
迷惑的凡夫系统,the system of delusion and unenlightenment,"向观音菩萨学修行
开启正念与慈悲大爱",
顿悟,"sudden awakening (subitism)
sudden enlightenment",向观音菩萨学修行,
顿悟法门,"a method of sudden enlightenment
the path of sudden enlightenment","开启正念与慈悲大爱
煮茶观心",
渐修/渐次修行,gradual practice (gradualism),向观音菩萨学修行,
利根,sharp faculties/sharp spiritual aptitude,向观音菩萨学修行/正念禅修的要领,
钝根,dull faculties/dull spiritual aptitude,向观音菩萨学修行/正念禅修的要领,
应机设教,adapt the teachings to the aptitude of the students,向观音菩萨学修行,
心垢/心灵尘垢,mental impurity/defilements,向观音菩萨学修行/正念禅修的要领,
心垢很薄,a thin veil of mental impurity,向观音菩萨学修行,
心垢很厚,a thick shell of mental impurities,向观音菩萨学修行,
一点即破,be pierced with a single insight,向观音菩萨学修行,
过去生,in past lives,向观音菩萨学修行,
在因地修行时,during his path to enlightenment,向观音菩萨学修行,
发愿成佛利益一切众生,wish to attain Buddhahood for the benefit of all beings,向观音菩萨学修行,
闻思修,"the techniques of hearing, contemplating, and practicing/the approach of listening, comtemplating and practicing",向观音菩萨学修行/八步骤三种禅修,
从闻思修入三摩地,"realize samadhi through the practice of hearing, contemplating, and practicing",向观音菩萨学修行,
闻慧,the wisdom from hearing the Dharma,向观音菩萨学修行,
思慧,the wisdom from contemplating the Dharma,向观音菩萨学修行,
修慧,the wisdom from following and practicing the Dharma,向观音菩萨学修行,
闻思经教,listen to and contemplate the teachings/study the Buddha’s teachings,《心经》的禅观/当代宗教问题,
树立正见,establish the Right Views,当代宗教信仰问题的思考,
听闻正法,hear the Dharma,向观音菩萨学修行,
如理思维,"contemplate the Dharma/thoughtfully digest/
reflect in accordance with the Dharma",向观音菩萨学修行/当代宗教问题,
法随法行,follow and practice the Dharma,向观音菩萨学修行,
闻性,the nature of hearing,向观音菩萨学修行,
回归闻性,return to the nature of hearing,向观音菩萨学修行,
开启闻性,reveal the nature of hearing,向观音菩萨学修行,
闻识,the consciousness of hearing,向观音菩萨学修行,
有生有灭,ebb and flow (with xx),向观音菩萨学修行,
分辨,distinguish,向观音菩萨学修行,
心无所住,"fixate on nothing/be unattached/
the mind remain unattached/
the mind dwell nowhere","向观音菩萨学修行
茶与禅的修行
正念禅修的要领",
妄识,delusive consciousness,向观音菩萨学修行,
究竟的,ultimate,向观音菩萨学修行,
偏空,"imbalanced emptiness
nihilistic emptiness","向观音菩萨学修行
《六祖坛经》与心理治疗",
不住于空也不住于有,neither settle in emptiness nor in existence,向观音菩萨学修行,
空觉不二,non-duality of emptiness and awareness,向观音菩萨学修行,
体和用,nature and function,向观音菩萨学修行,
妙用无穷,infinitely useful,向观音菩萨学修行,
不惧因果,dismiss causality,向观音菩萨学修行,
生灭心,a mind of arising and ceasing,向观音菩萨学修行,
打掉所有执著,dispel all forms of attachments,向观音菩萨学修行,
支撑点,foundation/foothold,向观音菩萨学修行,
有漏妄心,deluded mind,向观音菩萨学修行,
世间的/入世的/世俗的,"worldly
mundane","《心经》的禅观
当代宗教问题",
出世的/出世间的,"otherworldly
supramundane
transcendental","《心经》的禅观
当代宗教问题
茶与禅的修行",
世间,the worldly/this world,向观音菩萨学修行,
出世间,the otherworldly/the realm beyond this world,向观音菩萨学修行,
周遍十方,pervades all ten directions,向观音菩萨学修行,
光明圆满,illuminate brightly and perfectly complete,向观音菩萨学修行,
三十二应,thirty-two forms,向观音菩萨学修行,
观想,a visualization exercise,向观音菩萨学修行,
无所得的,no-obtain,向观音菩萨学修行,
福报/福德,blessings,心灵创造幸福,
福报,fruit of blessing,四无量心的观修,
成就无量福报,accumulate boundless merits,向观音菩萨学修行,
所求皆满,all wishes are fulfilled,向观音菩萨学修行,
福田,field of merit,向观音菩萨学修行,
悲田,the field of compassion,心灵创造幸福,
恩田,the field of gratitude,心灵创造幸福,
敬田,the field of respect,心灵创造幸福,
培植福田,develop the fields of blessings,心灵创造幸福,
培福,cultivate blessings,心灵创造幸福,
耕耘悲田,nurture the field of compassion,心灵创造幸福,
菩提心戒,the aspirational bodhicitta precepts,向观音菩萨学修行,
倡导受持菩提心戒,urge adherence to the aspirational bodhicitta precepts,向观音菩萨学修行,
明辨是非,discern the right from the wrong,向观音菩萨学修行,
使者,messenger,向观音菩萨学修行,
开启并体认宝藏,recognize and claim the treasures,向观音菩萨学修行,
成就xx菩萨的品质,embody xx's characteristics,向观音菩萨学修行,
修道助缘,the catalyst for cultivation,心灵创造幸福,
"智慧没有烦恼/
智慧不起烦恼","eradicate afflictions through wisdom/
When guided by wisdom, afflictions cease to exist.
Wisdom can lead us away from afflictions.",心灵创造幸福/人工智能时代,
多欲为苦,excessive desire brings suffering,心灵创造幸福,
知足常乐,contentment brings joy/happiness stems from contentment,心灵创造幸福,
攀比,comparison,心灵创造幸福,
嗔恨,hatred/anger/resentment,心灵创造幸福,
三法印,the Three Dharma Seals,心灵创造幸福,
诸行无常,All conditioned things are impermanent.,心灵创造幸福,
身苦,physical pain/physical discomfort/physical suffering,心灵创造幸福,
心苦,mental suffering,心灵创造幸福,
接纳,acceptance,心灵创造幸福,
认同,endorsing,心灵创造幸福,
众缘和合,"the effect of numerous interconnected causes and conditions
the unification of numerous causes and conditions
a temporary convergence of causes and conditions","心灵创造幸福
生命的痛苦和解脱
生命的痛苦和解脱",
逆境/违缘,adversities/adverse conditions,心灵创造幸福/开启正念与慈悲大爱,
五福临门,Five Blessings have descended upon the house.,心灵创造幸福,
长寿,longevity,心灵创造幸福,
富贵,ample wealth and status,心灵创造幸福,
康宁,health and peace,心灵创造幸福,
好德,virtue,心灵创造幸福,
善终,a good death,心灵创造幸福,
修身养性,"self-cultivation
cultivate the body to enhance well-being","心灵创造幸福
茶与禅的修行",
预知时至,foresee one's time of passing/anticipate one's death,心灵创造幸福,
生死自在,transcend life and death,心灵创造幸福,
心无挂碍,without mental burdens,心灵创造幸福,
坐脱立亡,"pass away gracefully at one's own command, whether seated or standing",心灵创造幸福,
临终关怀,hospice care,心灵创造幸福,
心理疏导,spiritual guidance,心灵创造幸福,
善行,acts of goodwill,心灵创造幸福,
正能量/正面心理,positivity/positive energy,心灵创造幸福,
负面心理,negativity,心灵创造幸福,
宗教师,spiritual guide,心灵创造幸福,
善知识,virtuous teacher,心灵创造幸福,
有加持力,hold a transformative power over one's mental and physical state,心灵创造幸福,
得到正能量的加持,absorb the positive energies and blessings,心灵创造幸福,
调柔的,soft,心灵创造幸福,
呈现在认识上的影像,an image formed in our cognition,心灵创造幸福,
被个人感觉改造过的,skewed by our personal feelings,心灵创造幸福,
见闻觉知,"what one sees, hears, and senses",心灵创造幸福,
心猿意马,a heart like a capering monkey and a mind like a galloping horse,心灵创造幸福,
外境,"the surroundings
circumstance",心灵创造幸福,
业风,the flow of karma,心灵创造幸福,
举身微笑,the full-body smile,心灵创造幸福,
断德,the virtue of cessation/the merit of severing afflictions,心灵创造幸福/当代宗教问题,
智德,the virtue of wisdom/the merit of wisdom,心灵创造幸福/当代宗教问题,
悲德,the virtue of compassion/the merit of compassion,心灵创造幸福/当代宗教问题,
圆满无量智慧,attain perfect and boundless wisdom,心灵创造幸福,
成就大慈大悲,realize great loving-kindness and compassion,心灵创造幸福,
无分别的,"unbiased
non-discriminative","心灵创造幸福
开启正念与慈悲大爱",
奠基仪式,the groundbreaking ceremony,人工智能时代,
心性修养,"cultivate the mind
cultivate one's mind","人工智能时代
煮茶观心",
开发心的无限潜能,tap into the mind’s unlimited potential,人工智能时代,
神谕,oracle,人工智能时代,
小我,the small self,人工智能时代,
大我,the greater self,人工智能时代,
性,nature,人工智能时代,
七处征心,"Ananda’s search for the mind in seven different locations
Searching the True Mind from Seven Locations","人工智能时代
煮茶观心",
（有情的）本来面目,original face,心灵创造幸福,
（事物的）本来面目,original appearances,禅意设计“十二字箴言”,
心的本来面目,the mind’s original state,人工智能时代,
世界的本来面目,the true nature of the world,人工智能时代,
无念无住,absent of thoughts and attachments,人工智能时代,
真如,True Suchness,人工智能时代,
人身,human form/human existence/human life,人工智能时代,
审视生命真相,examine the truth of life,人工智能时代,
缘起的生命,the dependently-originated life/life that arises from causes and conditions,人工智能时代,
现实价值,practical value,人工智能时代,
终极价值,ultimate value,人工智能时代,
人天善法,virtuous deeds of humans and devas,人工智能时代,
超然的,detached,人工智能时代,
制造痛苦的永动机,a perpetual motion machine that keeps producing suffering,人工智能时代,
调心,"develope healthy mindsets
calm the mind
adjust the mind
regulate the mind","人工智能时代
茶与禅的修行
正念禅修的要领
正念禅修的要领",
静心,"calm the mind/guide xx towards inner peace
cultivate tranquility","人工智能时代
煮茶观心",
安心,"settle the mind/attain peace of mind
abide in inner peace
find peace of mind, settle one's mind, feel at ease","人工智能时代
煮茶观心
煮茶观心",
超脱,transcendence,人工智能时代,
生老病死,"birth, aging, sickness, death",人工智能时代,
超脱的,transcendental,人工智能时代,
以智慧审视人生,exam life with wisdom,人工智能时代,
超然物外,detached and relaxed,人工智能时代,
勤修戒定慧,"diligently follow precepts, practice concentration, and cultivate wisdom",人工智能时代,
知,comprehension,人工智能时代,
行,behavior,人工智能时代,
理性,rationality,人工智能时代,
摆脱迷惑烦恼,free oneself from confusion and afflictions,人工智能时代,
性善/性本善,the inherent goodness of human nature,人工智能时代,
性恶/性本恶,the inherent evil of human nature,人工智能时代,
义与利,righteousness and personal interest,人工智能时代,
灵性,spiritual beings,人工智能时代,
生命是因缘因果的相续,Life is a continuous cycle of cause and effect.,人工智能时代,
心的显现,a manifestation of the mind,人工智能时代,
恒河沙数,the countless grains of sand in the Ganges River,人工智能时代,
波粒二象性,wave-particle duality,人工智能时代,
证悟心的本质,grasp the essence of the mind,人工智能时代,
诸法实相,the true nature of all phenomena,人工智能时代,
心学/心性之学,a study of the mind,人工智能时代,
佛法名相,Buddhist concepts,人工智能时代,
有,existence,人工智能时代,
无,"non-existence
no","人工智能时代
当代宗教信仰问题的思考",
终极性问题,ultimate questions,人工智能时代,
因上努力,"cultivate the causes
alter the causes","人工智能时代
心灵创造幸福",
果上随缘,calmly accept all results,人工智能时代,
智慧文化,a culture of wisdom,人工智能时代,
静心文化,the culture of mindfulness and inner peace,人工智能时代,
私欲,selfish desire,当代宗教信仰问题的思考,
五戒,the Five Precepts,当代宗教信仰问题的思考,
五戒十善,the Five Precepts and the Ten Wholesomeness/the Five Precepts and Ten Good Deeds,当代宗教信仰问题的思考/生命的痛苦和解脱,
依五戒十善生活,comply with the Five Precepts and the Ten Wholesomeness in one’s life,当代宗教信仰问题的思考,
人天乘,the Vehicle of Human and Devas/Human and Heavenly Vehicle,当代宗教信仰问题的思考/生命的痛苦和解脱,
福慧双修,cultivate both blessings and wisdom,当代宗教信仰问题的思考,
心解脱,Mind-Liberation,当代宗教信仰问题的思考,
慧解脱,Wisdom-Liberation,当代宗教信仰问题的思考,
盗用佛教名相,misappropriate Buddhist terms,当代宗教信仰问题的思考,
依附(xx宗教),latch onto,当代宗教信仰问题的思考,
虔诚的,pious/devout,当代宗教信仰问题的思考,
佛,buddha,从佛法视角谈“断舍离”,
菩萨,bodhisattva,从佛法视角谈“断舍离”,
佛菩萨,buddhas and bodhisattvas,从佛法视角谈“断舍离”,
菩萨戒,the Bodhisattva Precepts,从佛法视角谈“断舍离”,
别解脱戒,the Individual Liberation Precepts,从佛法视角谈“断舍离”,
因信称义,justification by faith,当代宗教信仰问题的思考,
信者得度,salvation through faith,当代宗教信仰问题的思考,
信解行证,"believing, understanding, practicing, and realizing",当代宗教信仰问题的思考,
八难,Eight Difficulties,当代宗教信仰问题的思考,
邪见,"the deviated views
erroneous views","当代宗教信仰问题的思考
生命的痛苦和解脱",
邪见众,holders of the deviated views,当代宗教信仰问题的思考,
修证体验,personal practice,当代宗教信仰问题的思考,
(瑜伽师地论)四种真实,the four levels of apprehension of reality,当代宗教信仰问题的思考,
世间极成真实,reality as formulated by mundane cognition,当代宗教信仰问题的思考,
道理极成真实,reality as formulated by accurate reasoning,当代宗教信仰问题的思考,
烦恼障净智所行真实,reality as formulated by the cognition purified of the afflictive hindrances,当代宗教信仰问题的思考,
所知障净智所行真实,reality as formulated by the cognition purified of the cognitive hindrances,当代宗教信仰问题的思考,
如实知见,seeing as it is,当代宗教信仰问题的思考,
佛教皈依仪式,Buddhism's conversion ceremony,当代宗教信仰问题的思考,
皈依三宝,take refuge in the Three Jewels,当代宗教信仰问题的思考,
尽形寿皈依佛,Take Refuge in the Buddha for my entire life,当代宗教信仰问题的思考,
尽形寿皈依法,Take Refuge in the Dharma for my entire life,当代宗教信仰问题的思考,
尽形寿皈依僧,Take Refuge in the Sangha for my entire life,当代宗教信仰问题的思考,
受戒,ordain,当代宗教信仰问题的思考,
人天乘善法,the ethics of Human and Devas,当代宗教信仰问题的思考,
佛教思想殿堂,the Buddhist Temple of thought,当代宗教信仰问题的思考,
法喜,experience joy in receiving the Dharma,当代宗教信仰问题的思考,
道心,determination to practice the Path,当代宗教信仰问题的思考,
无常观,the contemplation of impermanence,当代宗教信仰问题的思考,
不净观,the contemplation of impurity of the human body,当代宗教信仰问题的思考,
实证,true realization,当代宗教信仰问题的思考,
感应,spiritual response,当代宗教信仰问题的思考,
无相,formlessness,禅意设计“十二字箴言”,
无限,infinity,禅意设计“十二字箴言”,
出世,transcendence,禅意设计“十二字箴言”,
寂静,tranquility,禅意设计“十二字箴言”,
超然,detachment,禅意设计“十二字箴言”,
觉醒艺术,Awakening Art,禅意设计“十二字箴言”,
禅意设计,Chan design,禅意设计“十二字箴言”,
所知障,cognitive obstacles,禅意设计“十二字箴言”,
烦恼障,afflictive obstacles,禅意设计“十二字箴言”,
去伪存真,"discard the false, and realize the truth",禅意设计“十二字箴言”,
通达无我,gain a thorough understanding of no-self,禅意设计“十二字箴言”,
学人,spiritual practitioner/practitioner,禅意设计“十二字箴言”/茶与禅的修行,
话头,huatou/critical phrase(加脚注见批注),禅意设计“十二字箴言”,
参话头,"contemplate the topics of inquiry
investigate the critical phrase (hua tou)
investigate a topic","禅意设计“十二字箴言”
茶与禅的修行
生命的痛苦及其解脱",
身安,a peaceful body,禅意设计“十二字箴言”,
心安,a composed mind,禅意设计“十二字箴言”,
有相的,have form,禅意设计“十二字箴言”,
住（相）,abide in/dwell in/attach to/cling to,生命的痛苦及其解脱,
住相,dwell in appearances/attach to forms/abiding in forms,禅意设计“十二字箴言”/生命的痛苦和解脱,
缘起的智慧,the wisdom of dependent origination,禅意设计“十二字箴言”,
(楞严经)前尘影事,the shadows of coarse sense-data/past impressions,禅意设计“十二字箴言”/生命的痛苦和解脱,
接受xx传承,receive xx lineage,禅意设计“十二字箴言”,
五欲六尘,the Five Desires and the Six Dusts,禅意设计“十二字箴言”,
出世和入世,transcendental practice and worldly living/transcendence and renunciation,禅意设计“十二字箴言”,
出世解脱之路,the path of transcendence and liberation,禅意设计“十二字箴言”,
化世导俗,transform the world and enlighten ordinary beings,禅意设计“十二字箴言”,
水月空花,the moon in the water or an illusory flower,禅意设计“十二字箴言”,
加持力,empowerment,禅意设计“十二字箴言”,
坐看云起,watch the clouds rising at ease,禅意设计“十二字箴言”,
生活禅,Chan life,生命的痛苦及其解脱,
不住于相,not dwelling in forms,生命的痛苦及其解脱,
妄想,delusion/wandering thoughts/distracting thoughts,生命的痛苦及其解脱/正念禅修的要领,
息灭妄想,extinguish delusions,生命的痛苦及其解脱,
治标不治本,be comforting rather than a cure,生命的痛苦及其解脱,
果报成熟,karmic retribution come to maturity,生命的痛苦及其解脱,
无神论者,atheist,生命的痛苦及其解脱,
善业,wholesome karma/good karma,生命的痛苦及其解脱,
"本来清净、
具足万法的源头",inherently pure source which encompasses all dharmas,生命的痛苦及其解脱,
有为的,conditioned,生命的痛苦及其解脱,
无为的,unconditioned,生命的痛苦及其解脱,
观身无常,contemplate the body as impermanent,生命的痛苦及其解脱,
"认识到缘起的假相，
认识到性空的原理",recognize the false appearance that originates dependently and understand its empty nature,生命的痛苦及其解脱,
四大假合,"a provisional aggregate of the four primary elements, namely, earth, water, fire, and wind",生命的痛苦及其解脱,
身为苦本,The body is the root of suffering,生命的痛苦及其解脱,
三有,the Three Realms,生命的痛苦及其解脱,
欲界,the Desire Realm,生命的痛苦及其解脱,
色界,the Form Realm,生命的痛苦及其解脱,
无色界,the Formless Realm,生命的痛苦及其解脱,
根本烦恼,primary affliction,生命的痛苦及其解脱,
随烦恼,secondary affliction,生命的痛苦及其解脱,
贪心所,greed,生命的痛苦及其解脱,
随喜功德,rejoice over others’ merits,生命的痛苦及其解脱,
慢,pride,生命的痛苦及其解脱,
过慢,excessive pride,生命的痛苦及其解脱,
慢过慢,superiority pride,生命的痛苦及其解脱,
我慢,self-pride,生命的痛苦及其解脱,
增上慢,overestimation pride,生命的痛苦及其解脱,
卑慢,inferiority pride,生命的痛苦及其解脱,
邪慢,misguided pride,生命的痛苦及其解脱,
果位,spiritual milestone,生命的痛苦及其解脱,
盲修瞎炼,misguided practices,生命的痛苦及其解脱,
走火入魔,become deluded,生命的痛苦及其解脱,
善业/善的行为,wholesome actions,生命的痛苦及其解脱,
无记的行为,neutral actions,生命的痛苦及其解脱,
布施,giving/generosity,生命的痛苦及其解脱,
广修布施,practice generosity,生命的痛苦及其解脱,
慈悲济世,"generous and compassionate
compassionate salvation for the world","生命的痛苦及其解脱
当代宗教信仰问题的思考",
现世乐,current joy,生命的痛苦及其解脱,
未来利益乐,happiness in subsequent lives,生命的痛苦及其解脱,
法乐,a unique joy stemming from the Dharma,生命的痛苦及其解脱,
三途诸苦,"the agonies of the Three Wretched Realms (the realms of hell beings, hungry ghosts, and animals)",生命的痛苦及其解脱,
恶趣,the Wretched Realms,生命的痛苦及其解脱,
报应,retribution,生命的痛苦及其解脱,
果报,karmic consequences/retribution,生命的痛苦及其解脱,
人天（道）,Human and Heavenly Realms,生命的痛苦及其解脱,
声闻菩提,the fruit of the path of the Sravakas,生命的痛苦及其解脱,
独觉菩提,the fruit of the path of the Pratyekabuddhas,生命的痛苦及其解脱,
无上菩提,the fruit of the unsurpassed Bodhi,生命的痛苦及其解脱,
世出世间五乘果位,worldly and supermundane fruits across the Five Vehicles,生命的痛苦及其解脱,
声闻乘,the Sravaka Vehicle,生命的痛苦及其解脱,
菩萨乘,the Bodhisattva Vehicle,生命的痛苦及其解脱,
六度四摄,the Six Perfections and Four Means of Conversion,生命的痛苦及其解脱,
十恶行/十不善业,the ten unwholesome actions,生命的痛苦及其解脱,
杀生,killing/take life,生命的痛苦及其解脱,
不与取/偷盗,taking what is not given/stealing,生命的痛苦及其解脱,
邪行/邪淫,sexual misconduct,生命的痛苦及其解脱,
斋戒,religious fasting,生命的痛苦及其解脱,
虚诳语/妄语,deceitful speech/false speech,生命的痛苦及其解脱,
离间语/两舌,divisive speech,生命的痛苦及其解脱,
粗恶语/恶口,harsh speech/verbal abuse,生命的痛苦及其解脱,
杂秽语/绮语,frivolous speech/idle gossip,生命的痛苦及其解脱,
贪欲,greed,生命的痛苦及其解脱,
嗔恚,hatred,生命的痛苦及其解脱,
拨无因果,deny the Law of Cause and Effect,生命的痛苦及其解脱,
断见,nihilistic perspectives,生命的痛苦及其解脱,
常见,eternalistic views,生命的痛苦及其解脱,
十善行,the ten wholesome actions,生命的痛苦及其解脱,
不杀生,no killing,生命的痛苦及其解脱,
不不与取/不偷盗,no stealing,生命的痛苦及其解脱,
不邪淫,no sexual misconduct,生命的痛苦及其解脱,
不虚诳语/不妄语,no false speech,生命的痛苦及其解脱,
不杂秽语,no frivolous speech,生命的痛苦及其解脱,
不离间语,no divisive speech,生命的痛苦及其解脱,
不粗恶语,no harsh speech,生命的痛苦及其解脱,
不贪欲,no greed,生命的痛苦及其解脱,
不嗔恚,no hatred,生命的痛苦及其解脱,
不邪见,no erroneous views,生命的痛苦及其解脱,
身口意三业,"the three actions of body, speech, and mind",生命的痛苦及其解脱,
身业,the action of the body/bodily action,生命的痛苦及其解脱,
口业,the action of speech/verbal action/speech,生命的痛苦及其解脱,
意业,the action of the mind,生命的痛苦及其解脱,
因果报应,karmic retribution,生命的痛苦及其解脱,
缘,supporting conditions,生命的痛苦及其解脱,
现报业,the karma of the present retribution,生命的痛苦及其解脱,
生报业,the karma of the retribution in the next rebirth,生命的痛苦及其解脱,
后报业,the karma of the subsequent retribution,生命的痛苦及其解脱,
不定报业,the karma of uncertain retribution,生命的痛苦及其解脱,
有漏的,tainted and with outflow/contaminated,生命的痛苦及其解脱,
爱别离（苦）,separation from loved ones/be saddened by a separation from their beloved/the pain of separation,生命的痛苦及其解脱,
求不得（苦）,unfulfilled desires/unable to get what they desire/the frustration of unmet desires,生命的痛苦及其解脱,
怨憎会（苦）,encounters with those one resents/be with someone they dislike,生命的痛苦及其解脱,
五阴炽盛,the distress caused by the overwhelming presence of the Five Aggregates,生命的痛苦及其解脱,
离苦得乐,"leave suffering behind and attain happiness
escape from suffering and attain happiness","生命的痛苦及其解脱
当代宗教信仰问题的思考",
因果法则,the principle of causality,生命的痛苦及其解脱,
不可思议,inconceivable,生命的痛苦及其解脱,
解脱痛苦,liberate from suffering,生命的痛苦及其解脱,
世界观,understanding of the world,生命的痛苦及其解脱,
人生观,"understanding of the life
view on life","生命的痛苦及其解脱
心灵创造幸福",
相信因果,believe in the Law of Cause and Effect,生命的痛苦及其解脱,
前生,past life,生命的痛苦及其解脱,
后世,future life,生命的痛苦及其解脱,
今生,present life,生命的痛苦及其解脱,
无穷的过去,a beginningless past,生命的痛苦及其解脱,
无尽的未来,an infinite future,生命的痛苦及其解脱,
放生,set captured animals free,生命的痛苦及其解脱,
护生,protect all beings from harm,生命的痛苦及其解脱,
相貌庄严,be noble and dignified in appearance,生命的痛苦及其解脱,
忍辱之心,a mind of tolerance,生命的痛苦及其解脱,
随喜赞叹,rejoice over their glory,生命的痛苦及其解脱,
正见（动词）,gain insight into,生命的痛苦及其解脱,
一切有为法,all conditioned things,生命的痛苦及其解脱,
心随境转,"Minds change with their circumstances.
be influenced by one's surroundings","生命的痛苦及其解脱
茶与禅的修行",
外境,external situation,生命的痛苦及其解脱,
成住坏空,"formation, existence, destruction, and emptiness",生命的痛苦及其解脱,
四缘,four types of conditions,生命的痛苦及其解脱,
因缘,the causal condition,生命的痛苦及其解脱,
增上缘,the predominant condition,生命的痛苦及其解脱,
所缘缘,the object condition,生命的痛苦及其解脱,
等无间缘,the immediate antecedent condition,生命的痛苦及其解脱,
亲因缘,the proximate causal condition,生命的痛苦及其解脱,
根身,the sense organ,生命的痛苦及其解脱,
偈颂,Gatha,生命的痛苦及其解脱,
不二,non-dual,生命的痛苦及其解脱,
虚妄相/假相,false appearance,生命的痛苦及其解脱,
透视,see through,生命的痛苦及其解脱,
无常的规律,the Law of Impermanence,生命的痛苦及其解脱,
观三轮体空,"observe the emptiness of the giver, receiver, and gift",生命的痛苦及其解脱,
世间相,worldly forms,生命的痛苦及其解脱,
修证（佛法）,practice and realize the Dharma,生命的痛苦及其解脱,
须陀洹,Srotaapanna (stream-enterer),生命的痛苦及其解脱,
斯陀含,Sakrdagamin (once-returner),生命的痛苦及其解脱,
阿那含,Anagamin (non-returner),生命的痛苦及其解脱,
阿罗汉,arhat,生命的痛苦及其解脱,
无上佛果,supreme Buddhahood,生命的痛苦及其解脱,
三乘,the three vehicles,生命的痛苦及其解脱,
证诸法实相,realize the true nature of all dharmas,生命的痛苦及其解脱,
能所双亡,subject and object are both extinguished,生命的痛苦及其解脱,
无智无得,neither wisdom nor attainment to be found,生命的痛苦及其解脱,
取相妄生分别,cling to forms and discriminates falsely,生命的痛苦及其解脱,
大彻大悟,have a great enlightenment,生命的痛苦及其解脱,
得法偈,verse of enlightenment,生命的痛苦及其解脱,
无住的修行,the practice of non-abidance,生命的痛苦及其解脱,
无念,no-thought,生命的痛苦及其解脱,
证悟清净法性,realize the pure Dharma nature,生命的痛苦及其解脱,
证悟大道,realize the Great Way,生命的痛苦及其解脱,
小乘禅观,Theravada meditation,生命的痛苦及其解脱,
系心于境,fix the mind on objects,生命的痛苦及其解脱,
公案,koan,生命的痛苦及其解脱,
不取不舍,neither cling to nor reject anything,生命的痛苦及其解脱,
处处随缘,adapt effortlessly to circumstances,生命的痛苦及其解脱,
处处自在,live in ease and comfort,生命的痛苦及其解脱,
相续的,continuous,生命的痛苦及其解脱,
心无旁骛,with undivided attention,生命的痛苦及其解脱,
调御心态,regulate one’s mind,生命的痛苦及其解脱,
对治妄想,combat delusions,生命的痛苦及其解脱,
止观,cessation and contemplation/Samatha-Vipassana,生命的痛苦及其解脱,
止,cessation,生命的痛苦及其解脱,
止息散乱,calm the scattered mind,生命的痛苦及其解脱,
制心一处,"concentrate it on one point/focus pne's mind in one place
dwell the mind in one place","生命的痛苦及其解脱
禅意设计“十二字箴言”",
大乘见地,the Mahayana viewpoint,生命的痛苦及其解脱,
直下承担,realize one's Buddha-nature/take direct responsibility for ourselves,生命的痛苦及其解脱,
思维,conceptual thinking,生命的痛苦及其解脱,
禅,Chan,茶与禅的修行,
茶人,tea practitioner,茶与禅的修行,
吃茶去,go drink tea/go have tea,茶与禅的修行,
茶禅一味,Tea and Chan are one flavor.,茶与禅的修行,
茶禅一味的修行,the practice of Tea and Chan as one flavor,茶与禅的修行,
和敬清寂,"harmony, respect, purity, tranquility",茶与禅的修行,
一期一会,once-in-a-lifetime encounter,茶与禅的修行,
侘寂之美,"the beauty of Wabi-Sabi
wabi-sabi aesthetics","茶与禅的修行
煮茶观心",
平常心,the ordinary mind,茶与禅的修行,
专注,concentration/focus,茶与禅的修行,
觉察,awareness/be mindful,茶与禅的修行,
茶道/茶会,tea ceremony,茶与禅的修行,
禅文化,Chan culture,茶与禅的修行,
道,the Way,茶与禅的修行,
禅的智慧,Chan wisdom,茶与禅的修行,
以本分事相见,be grounded in ordinary affairs,茶与禅的修行,
反观自照,reflect inwardly,茶与禅的修行,
认识本心,recognize one's true mind,茶与禅的修行,
座上/坐禅,sitting meditation,茶与禅的修行,
座下,all activities,茶与禅的修行,
开宗立派,establish itself as a distinct school,茶与禅的修行,
以茶相和，以禅相知,create harmony through tea and understand each other through Chan,茶与禅的修行,
禅堂,Chan hall,茶与禅的修行,
法会,Dharma assembly,茶与禅的修行,
佛教中国化,Sinicization of Buddhism,茶与禅的修行,
仪轨,ritual,茶与禅的修行,
成道日,enlightenment day,茶与禅的修行,
涅槃日,parinirvana day,茶与禅的修行,
供“备香花灯烛茶果珍馐”,"offer incense, flowers, lamps, candles, tea, fruits, and delicacies",茶与禅的修行,
住持巡寮,the abbot’s inspections,茶与禅的修行,
受法衣,receive the Dharma robe,茶与禅的修行,
迎侍尊宿,welcome honored guests,茶与禅的修行,
斋僧,offer meals to the monks,茶与禅的修行,
禅宗法脉,the Chan lineage,茶与禅的修行,
世间法,worldly practice,茶与禅的修行,
悟禅,realize Chan,茶与禅的修行,
体悟禅,experience Chan,茶与禅的修行,
禅宗公案,Chan koan,茶与禅的修行,
禅门,Chan tradition,茶与禅的修行,
法嗣,Dharma heir,茶与禅的修行,
随xx参禅,studied Chan under xx,茶与禅的修行,
得xx印可,receive xx‘s approval,茶与禅的修行,
草庵茶,"Soan tea ceremony (grass hut tea)
the grass hut tea ceremony
the “Thatched Hut Tea (soan-cha)” style
Thatched Hut Tea","茶与禅的修行
茶与禅的修行
煮茶观心
煮茶观心",
谨敬清寂,"carefulness, respect, purity, and tranquility",茶与禅的修行,
天人合一,"the harmonious Oneness of Heaven and Humanity/integrate oneself into nature
the unity of heaven and humanity
the unity between heaven and humanity","禅意设计“十二字箴言”
茶与禅的修行
开启正念与慈悲大爱",
茶室,tea room,茶与禅的修行,
狂心顿歇,the sudden cessation of a frenzied mind,茶与禅的修行,
涅槃寂静,Nirvana is Perfect Tranquility.,茶与禅的修行,
收摄六根,gather one's six senses,茶与禅的修行,
向外求,seek outward,茶与禅的修行,
超然自在,transcend all worldly concerns,茶与禅的修行,
多生累劫,many lifetimes,茶与禅的修行,
福德因缘,accumulated merits and favorable circumstances,茶与禅的修行,
虔诚,"sincerity
devotion","茶与禅的修行
以茶入禅",
敬畏,reverence,茶与禅的修行,
殷重,seriousness,茶与禅的修行,
安住当下,"fully present in the moment
settle into the present moment","茶与禅的修行
凡圣只在迷悟间",
人生境界,a certain state of being,茶与禅的修行,
水边林下,by the water and in the forests,茶与禅的修行,
身无长物,own very few possessions,茶与禅的修行,
当下,the present moment,茶与禅的修行,
由茶入道,enter the Path through tea,茶与禅的修行,
体会禅茶一味(的境界),experience the unity of Chan and tea,茶与禅的修行,
与禅相应,align with Chan,茶与禅的修行,
放下,let go,茶与禅的修行,
放松,relax,茶与禅的修行,
放空,empty the mind,茶与禅的修行,
安顿身心,"settle one's body and mind
provide peace of mind and body","茶与禅的修行
东方智慧在当今世界的价值",
本性空寂,inherently empty and tranquil,茶与禅的修行,
水月道场,a moonlit ashram,茶与禅的修行,
梦中佛事,a dream-like Buddhist ceremony,茶与禅的修行,
悟道偈,the enlightenment verse,茶与禅的修行,
点茶,make tea,茶与禅的修行,
和本心相应,align with our true nature,茶与禅的修行,
世俗心,worldly mind,茶与禅的修行,
没有遮蔽的,unobstructed,茶与禅的修行,
回归平常,return to the ordinary state,茶与禅的修行,
超越事相,transcend the forms,茶与禅的修行,
超然物外,"transcend the material world
be detached from all worldly affairs","茶与禅的修行
禅意设计“十二字箴言”",
摄心,gather one's mind,茶与禅的修行,
唤起内心清明的力量,awaken the clarity within,茶与禅的修行,
正念禅修,"mindfulness practice
mindfulness meditation","正念禅修的要领
正念禅修的要领",
禅修开示,meditation teachings,正念禅修的要领,
调身,adjust the body/regulate the body/postural adjustment,正念禅修的要领,
有修,contrived,正念禅修的要领,
无修,uncontrived,正念禅修的要领,
正念经行,mindful walking,正念禅修的要领,
佛法修行体系,Buddhist cultivation system,正念禅修的要领,
根机,"spiritual aptitude
spiritual faculty","正念禅修的要领
煮茶观心",
次第渐修,gradual and progressive practice,正念禅修的要领,
皈依,take refuge,正念禅修的要领,
发心（发菩提心）,generate bodhicitta,正念禅修的要领,
以见导修,doctrine guide cultivation,正念禅修的要领,
口头禅,mere lip service about enlightenment,正念禅修的要领,
教理闻思,doctrinal learning and contemplation,正念禅修的要领,
解决粗重烦恼,resolve coarse afflictions,正念禅修的要领,
xx的方便,an expedient means of,正念禅修的要领,
身的安住,physical stillness,正念禅修的要领,
心的安定,mental stability,正念禅修的要领,
定力,(power of) concentration,正念禅修的要领,
毗卢七支坐,the Seven-Point Postures of Vairochana,正念禅修的要领,
跏趺而坐,sit cross-legged,正念禅修的要领,
双跏趺,full-lotus position,正念禅修的要领,
双盘,cross-legged position,正念禅修的要领,
单盘,half-lotus position,正念禅修的要领,
金刚坐,Half Lotus Pose （right foot is placed on the left thigh）,正念禅修的要领,
如意坐,Half Lotus Pose （left foot is placed on the right thigh）,正念禅修的要领,
散盘,Easy Pose,正念禅修的要领,
定印,Dhyana Mudra,正念禅修的要领,
手结定印,form a Dhyana Mudra with the hands,正念禅修的要领,
两肩平展,keep the shoulders level,正念禅修的要领,
头正颈立,keep the head upright and the neck straight,正念禅修的要领,
双目下垂,lower the eyes,正念禅修的要领,
留一点余光,allow a bit of light to filter through,正念禅修的要领,
舌抵上颚,"place the tongue against the roof of the mouth/
place the tongue against the palate ",正念禅修的要领,
上座后,after assuming the posture,正念禅修的要领,
松沉,relaxation,正念禅修的要领,
助缘,"supportive condition
contributing factor","正念禅修的要领
东方智慧在当今世界的价值",
修皈依,the practice of taking refuge,正念禅修的要领,
所缘境/所缘对象,the object of focus/the object of attention,正念禅修的要领,
所缘,"the meditation object
perceptual objects","正念禅修的要领
禅意设计“十二字箴言”",
座上禅修,seated meditation/sit in meditation(用法见批注),正念禅修的要领,
出入息,the breath,正念禅修的要领,
微息,subtle breath,正念禅修的要领,
全息,deep breath,正念禅修的要领,
九处心,The Nine Stages of Training the Mind ,正念禅修的要领,
内住,placement of the mind,正念禅修的要领,
续住,coutinuous placement,正念禅修的要领,
安住,repeated placement,正念禅修的要领,
近住,close placement,正念禅修的要领,
调伏,taming the mind,正念禅修的要领,
寂静,pacifying the mind/stillness,正念禅修的要领,
最终寂静,finally culminating in fully pacifying the mind,正念禅修的要领,
专注一境,single-pointing,正念禅修的要领,
等持,balanced placement,正念禅修的要领,
散乱掉举,scattering and lifting of attention/distraction and restlessness,正念禅修的要领,
昏沉迟钝,dullness and lethargy,正念禅修的要领,
心的安住,the mind’s stability,正念禅修的要领,
正知正念,"right mindfulness and vigilance
right awareness and mindfulness","正念禅修的要领
开启正念与慈悲大爱",
心灯,the lamp of the mind,正念禅修的要领,
觉受,sensations,正念禅修的要领,
意识的分别系统,the system of mental discrimination,正念禅修的要领,
差别智,discerning wisdom,正念禅修的要领,
知分别而离分别,discriminative wisdom while transcending discrimination,正念禅修的要领,
二元对立的世界,a world of duality,正念禅修的要领,
清净本心,"the pure, original nature",正念禅修的要领,
心法,"the exploration of the mind
consciousness","正念禅修的要领
生命的痛苦及其解脱",
内在观照,inner observation,正念禅修的要领,
虚空般的心,a mind like the void,正念禅修的要领,
放下的修行,the practice of leting go,正念禅修的要领,
不知不觉,"unconscious
unawareness","正念禅修的要领
开启正念与慈悲大爱",
全然的觉知,thorough awareness,正念禅修的要领,
安住觉知,abide in awareness,正念禅修的要领,
听茗,listen to tea,正念禅修的要领,
观心,observe the mind,正念禅修的要领,
煮茶听茗/煮茶观心,"Brewing Tea, Observing the Mind",正念禅修的要领,
煮水观心,"Boiling Water, Observing the Mind",正念禅修的要领,
没有造作,without contrivance,正念禅修的要领,
造作,intentional effort,正念禅修的要领,
开启觉知,initiate awareness,正念禅修的要领,
瀑流,torrent,正念禅修的要领,
修止,practice Samatha,正念禅修的要领,
修观,practice Vipassana,正念禅修的要领,
止观禅修,the meditation of Samatha and Vipassana,正念禅修的要领,
xx的加持,the support of xx,正念禅修的要领,
轮回的增上缘,the conditions for further samsara,正念禅修的要领,
空明不二的心,"the non-dual mind of emptiness and clarity
the non-dualistic mind of emptiness and enlightenment","正念禅修的要领
开启正念与慈悲大爱",
无念禅修,no-thought meditation,正念禅修的要领,
混混沌沌,be muddled,正念禅修的要领,
以茶入禅,incorporate tea into meditation,正念禅修的要领,
禅者,Chan practitioner,正念禅修的要领,
以茶摄心,use tea to focus the mind,正念禅修的要领,
借茶见性,use tea to perceive one’s nature,正念禅修的要领,
丛林清规,"monastic regulations
monastic rules","正念禅修的要领
煮茶观心",
接引大众,guide the public,正念禅修的要领,
喝茶观心,observe the mind while drinking tea,正念禅修的要领,
禅的心,the mind of Chan,正念禅修的要领,
视频开示,Video Dharma Talk,开启正念与慈悲大爱,
菩提道,the Bodhi path,开启正念与慈悲大爱,
佛法的殊胜,the Dharma’s unique excellence,开启正念与慈悲大爱,
究竟圆满的觉醒,the ultimate and complete awakening,开启正念与慈悲大爱,
古仙人道,the ancient immortal path,开启正念与慈悲大爱,
空明不二之心,the non-dualistic mind of emptiness and enlightenment,开启正念与慈悲大爱,
忏悔,repent one’s karmic evil,开启正念与慈悲大爱,
觉性海洋,the ocean of awakened nature,开启正念与慈悲大爱,
静修,meditate,开启正念与慈悲大爱,
前六识,the first six consciousnesses,开启正念与慈悲大爱,
第七识/未那识,the seventh Manas consciousness,开启正念与慈悲大爱,
第八识/阿赖耶识,the eighth Alaya consciousness,开启正念与慈悲大爱,
妄识系统,the system of deluded consciousness,开启正念与慈悲大爱,
持戒,adherence to precepts,开启正念与慈悲大爱,
空性见,the view of emptiness,开启正念与慈悲大爱,
修学者,practitioner,开启正念与慈悲大爱,
出家,renunciation,开启正念与慈悲大爱,
佛法僧三宝,"the Three Jewel: the Buddha, the Dharma, and the Sangha.",开启正念与慈悲大爱,
暇满义大,"a precious human life endowed with leisure and opportunities/
recognizing the preciousness of human life",开启正念与慈悲大爱,
念死无常,contemplating the impermanence of death,开启正念与慈悲大爱,
轮回是苦,"the suffering of samsara
samsara is suffering","开启正念与慈悲大爱
人工智能时代",
深信业果,"the deep belief in the law of karma
believing firmly in the law of karma","开启正念与慈悲大爱
开启正念与慈悲大爱",
转心,the transformation of our minds,开启正念与慈悲大爱,
人间净土,a pure land on earth,开启正念与慈悲大爱,
入世,mundane life ,开启正念与慈悲大爱,
惑业苦,"the suffering caused by delusion and Karma
delusion, karma, and suffering","开启正念与慈悲大爱
人生五大问题",
结生相续,the continuation of life and death,开启正念与慈悲大爱,
烦恼杂染,afflictive defilement,开启正念与慈悲大爱,
业杂染,karmic defilement,开启正念与慈悲大爱,
生杂染（果报杂染）,"rebirth defilement
maturing defilement","开启正念与慈悲大爱
《六祖坛经》与心理治疗",
二元执著,dualistic clinging,开启正念与慈悲大爱,
解除二元执著,dissolve dualistic clinging,开启正念与慈悲大爱,
分别、理性和思维的修行,"discriminative, rational and comtemplative practice ",开启正念与慈悲大爱,
分别的,discriminative,开启正念与慈悲大爱,
理性的,rational,开启正念与慈悲大爱,
思维的,comtemplative,开启正念与慈悲大爱,
xx的殊胜,the excellence of,开启正念与慈悲大爱,
利他禅修,altruistic meditation,开启正念与慈悲大爱,
利他心行,altruistic practice,开启正念与慈悲大爱,
不二法门,"the Gate of Non-Duality
the non-dualistic approach","开启正念与慈悲大爱
《六祖坛经》与心理治疗",
有我的慈悲,self compassion,开启正念与慈悲大爱,
无我的慈悲,no-self compassion,开启正念与慈悲大爱,
有所得的慈悲,attainable compassion,开启正念与慈悲大爱,
无所得的慈悲,non-attainable compassion,开启正念与慈悲大爱,
对事相的执著,attachments to the tasks,开启正念与慈悲大爱,
无所得心,the mind of non-attainment,开启正念与慈悲大爱,
庄严国土,adorn numerous Buddha-lands,开启正念与慈悲大爱,
利他善行,altruistic deeds,开启正念与慈悲大爱,
度化,liberate,开启正念与慈悲大爱,
回归本心,return to the original mind,开启正念与慈悲大爱,
菩萨行,the practice of the bodhisattva path,开启正念与慈悲大爱,
戒律,precepts,开启正念与慈悲大爱,
作意心所,attention,开启正念与慈悲大爱,
提起正念,cultivate mindfulness,开启正念与慈悲大爱,
见分,subjective aspect,开启正念与慈悲大爱,
自分,objective aspect,开启正念与慈悲大爱,
自证分,self-witnessing aspect,开启正念与慈悲大爱,
无分别心,non-discriminative mind,开启正念与慈悲大爱,
打成一片,integrate seamlessly into our lives,开启正念与慈悲大爱,
慈心,loving-kindness,开启正念与慈悲大爱,
随喜,empathetic joy,开启正念与慈悲大爱,
悲悯心,compassionate heart,开启正念与慈悲大爱,
爱语,kind speech,开启正念与慈悲大爱,
利行,beneficial actions,开启正念与慈悲大爱,
平等心,equanimity,开启正念与慈悲大爱,
利益思维,the mindset of benefiting others,开启正念与慈悲大爱,
慈经的修习,the practice of the Metta Sutta,开启正念与慈悲大爱,
发自内心的愿望,a hearfelt wish,开启正念与慈悲大爱,
散发慈心,radiate loving-kindness,开启正念与慈悲大爱,
缘起思维,the mindset of dependent arising/the mindset of dependent origination,开启正念与慈悲大爱,
放下我执,let go of self-attachment/break free from self-attachment/relinquish ego attachment,开启正念与慈悲大爱,
体会无我,realize no-self/experience no-self/comprehend no-self,开启正念与慈悲大爱,
流于口号,mere lip service,开启正念与慈悲大爱,
我见,self-view,开启正念与慈悲大爱,
同修/同参道友,fellow practitioner,开启正念与慈悲大爱,
有限性,finiteness,开启正念与慈悲大爱,
无限性,infiniteness,开启正念与慈悲大爱,
开发觉醒潜质,tap into the potential for awakening,开启正念与慈悲大爱,
依正不二,"circumstantial and direct retributions are not two (direct retribution refers to sentient beings, while the circumstantial retribution is the dependent condition or environment)
Direct and circumstantial rewards are not separate.","开启正念与慈悲大爱
禅意设计“十二字箴言”",
人生佛教,Humanistic Buddhism,开启正念与慈悲大爱,
开示,discourse for xx,东方智慧在当今世界的价值,
儒释道,"Confucianism, Buddhism and Taoism",东方智慧在当今世界的价值,
有共同的血统,share a common ancestry,东方智慧在当今世界的价值,
东方文化的道统,the traditions of Eastern culture,东方智慧在当今世界的价值,
传承,"inherit, succeed through someone
pass on","东方智慧在当今世界的价值
煮茶观心",
自利利他,benefit oneself and others,东方智慧在当今世界的价值,
自觉觉他,awaken oneself and others,东方智慧在当今世界的价值,
造就佛菩萨品质,embody the qualities of buddha and bodhisattvas,东方智慧在当今世界的价值,
心性思想/心性理论,the nature of the mind,东方智慧在当今世界的价值,
因果理论,theories of causality,东方智慧在当今世界的价值,
善根福德因缘,"the virtuous roots and merit, causes and conditions for xx",东方智慧在当今世界的价值,
菩提大道,the journey toward enlightenment,东方智慧在当今世界的价值,
舍凡夫心,abandon the mundane mind,东方智慧在当今世界的价值,
自我觉醒,self-awareness,东方智慧在当今世界的价值,
点亮心灯,illuminate one's heart,东方智慧在当今世界的价值,
善人,a kind person,东方智慧在当今世界的价值,
成佛作祖,attain Buddhahood,东方智慧在当今世界的价值,
菩提,enlightenment,东方智慧在当今世界的价值,
吃斋/吃素,vegetarian meals,东方智慧在当今世界的价值,
拜佛,worshiping,东方智慧在当今世界的价值,
禅茶,"tea meditation
Dhyana Tea","东方智慧在当今世界的价值
佛法在家庭教育中的运用",
在佛法智慧统摄下,under the umbrella of Buddhist wisdom,东方智慧在当今世界的价值,
心行/心态,mindsets,东方智慧在当今世界的价值,
菩提心教法,the teaching of the bodhicitta,东方智慧在当今世界的价值,
末法时代,the Degenerate Age of Dharma,东方智慧在当今世界的价值,
经律论三藏,the Tripitaka,东方智慧在当今世界的价值-文以载道,
译场,translation center,东方智慧在当今世界的价值-文以载道,
梵文,Sanskrit,东方智慧在当今世界的价值-文以载道,
法的修证,understanding and realization of the Dharma,东方智慧在当今世界的价值-文以载道,
薄伽梵,Bhagavan ,东方智慧在当今世界的价值-文以载道,
陀罗尼神咒,the dharani mantras,东方智慧在当今世界的价值-文以载道,
法之殊胜,the sublime nature of the Dharma,东方智慧在当今世界的价值-文以载道,
庵摩罗果,Amalaka,东方智慧在当今世界的价值-文以载道,
南传佛教,Theravada Buddhism,东方智慧在当今世界的价值-文以载道,
汉传佛教,Chinese Buddhism,东方智慧在当今世界的价值-文以载道,
藏传佛教,Tibetan Buddhism,东方智慧在当今世界的价值-文以载道,
巴利语系、汉语系和藏语系,"the Pali, Chinese, and Tibetan traditions",东方智慧在当今世界的价值-文以载道,
四众弟子,the four groups of disciples,东方智慧在当今世界的价值-文以载道,
世俗生活,secular life,东方智慧在当今世界的价值-文以载道,
弘法/传播佛法,"the dissemination of Buddhism/the propagation of the Dharma/Dharma propagation/spread the Dharma/propagate the Dharma
spread the teachings of Buddhism",东方智慧在当今世界的价值-文以载道,
使命感,a sense of mission,东方智慧在当今世界的价值-文以载道,
契理契机的原则,the principle of understanding both the doctrine and the audience’s mentality,东方智慧在当今世界的价值-文以载道,
契理,be in line with Dharma,东方智慧在当今世界的价值-文以载道,
佛法义理,the meaning and principles of Buddha Dharma,东方智慧在当今世界的价值-文以载道,
契机,consider the audience’s mentality and cultural background,东方智慧在当今世界的价值-文以载道,
和佛法结缘,connect with the Dharma,东方智慧在当今世界的价值-文以载道,
共业,collective karma,东方智慧在当今世界的价值-文以载道,
圆寂,the perfect extinction,《六祖坛经》与心理治疗,
共法,common practice,《六祖坛经》与心理治疗,
修定,cultivate meditative concentration,《六祖坛经》与心理治疗,
渐教,gradual teaching,《六祖坛经》与心理治疗,
顿教,sudden teaching / sudden enlightment teaching,《六祖坛经》与心理治疗,
烦恼即菩提,afflictions are themselves Bodhi,《六祖坛经》与心理治疗,
一念,a single thought,《六祖坛经》与心理治疗,
小根之人,people of limited faculties,《六祖坛经》与心理治疗,
见性,see one's true nature,《六祖坛经》与心理治疗,
布施法门,the practice of Generosity,《六祖坛经》与心理治疗,
忍辱法门,the practice of Patience,《六祖坛经》与心理治疗,
圆满的心,the complete mind,《六祖坛经》与心理治疗,
无记空,undifferentiated emptiness,《六祖坛经》与心理治疗,
须弥山 ,sumeru,《六祖坛经》与心理治疗,
不染一法,not tainted by any single dharma,《六祖坛经》与心理治疗,
正知,Right Knowing,《六祖坛经》与心理治疗,
自悟,self-realization,《六祖坛经》与心理治疗,
自度,self-liberation,《六祖坛经》与心理治疗,
师度,the guidance of a teacher,《六祖坛经》与心理治疗,
大善知识,the great and wise teacher /a great Good Knowing Advisor,《六祖坛经》与心理治疗,
自性自度,rely on my self-nature to guide myself,《六祖坛经》与心理治疗,
最上乘法,the Dharma of the Most Superior Vehicle,《六祖坛经》与心理治疗,
三世诸佛,all buddhas of the three periods of time,《六祖坛经》与心理治疗,
外善知识,the external Good Knowing Advisor,《六祖坛经》与心理治疗,
正真般若观照,true Prajna contemplation,《六祖坛经》与心理治疗,
无造作的心,the uncontrived mind,《六祖坛经》与心理治疗,
无念的心体,"the mind of ""no-thought""",《六祖坛经》与心理治疗,
无相无限,boundless and formless,《六祖坛经》与心理治疗,
非空非有,neither empty nor existent,《六祖坛经》与心理治疗,
实有,inherent existence,《六祖坛经》与心理治疗,
接引,instruct,《六祖坛经》与心理治疗,
说法,"expound the Dharma
preach the Dharma","《六祖坛经》与心理治疗
向观音菩萨学修行",
化身,incarnation,《六祖坛经》与心理治疗,
修道,cultivate the Way,《六祖坛经》与心理治疗,
保任,maintain enlightenment,《六祖坛经》与心理治疗,
四无量心,The Four Immmeasurables,四无量心的观修,
三乘佛法,the Three Vehicles,四无量心的观修,
慈无量,Immeasurable loving-kindness,四无量心的观修,
悲无量,Immeasurable Compassion,四无量心的观修,
喜无量,Immeasurable Joy,四无量心的观修,
舍无量,Immeasurable Equanimity,四无量心的观修,
舍,Equanimity,四无量心的观修,
大乘菩萨道,the Mahayana Bodhisattva Path,四无量心的观修,
生天之福,the blessings of future rebirth in the heavens,四无量心的观修,
四梵住,the Four Brahmaviharas,四无量心的观修,
大梵天,the Great Brahma,四无量心的观修,
神格,deity,四无量心的观修,
具足,perfect,四无量心的观修,
梵天,the Brahma heaven,四无量心的观修,
声闻解脱道,the Sravaka path to liberation,四无量心的观修,
结,entanglement,四无量心的观修,
怨,resentment,四无量心的观修,
恚,anger,四无量心的观修,
诤,dispute,四无量心的观修,
大果,great results,四无量心的观修,
大福利,great benefits,四无量心的观修,
修念觉分,cultivate the awakening factors of mindfulness,四无量心的观修,
欲,desire,四无量心的观修,
修舍觉分,cultivate the awakening factors of equanimity,四无量心的观修,
七支因果/七因果,the Seven-Point Cause-and-Effect,四无量心的观修,
知母,"recognize all sentient beings as our past mother
recognize all beings as our mothers in past lives","四无量心的观修
以茶入禅",
念恩,"remember mothers' kindness
appreciate mothers' kindness","四无量心的观修
以茶入禅",
报恩,repay mothers' kindness,四无量心的观修,
慈心,loving-kindness,以茶入禅,
悲心,compassion,以茶入禅,
增上意乐,extraordinary aspiration,四无量心的观修,
平等舍心,the mind of equanimity,四无量心的观修,
招感快乐,attract fruit of happiness,四无量心的观修,
止息嗔心,eradicate aversion,四无量心的观修,
安乐因,causes of happiness,四无量心的观修,
现前乐,temporary happiness,四无量心的观修,
究竟乐,ultimate happiness,四无量心的观修,
证悟涅槃,relize nirvana,四无量心的观修,
无苦之乐,bliss free from suffering/happiness free from suffering,四无量心的观修,
调柔内心,soften one's heart,四无量心的观修,
凡夫串习,mundane habits,四无量心的观修,
世间利益,worldly benefits,四无量心的观修,
究竟利益,ultimate benefits,四无量心的观修,
破除我执,break free from self-attachment,四无量心的观修,
空性见禅修,the meditation of emptiness,四无量心的观修,
慈经的观修,contemplation in the Metta Sutta,四无量心的观修,
纯大苦集,the gathering of great suffering,四无量心的观修,
圣者,noble ones,四无量心的观修,
非圣者,worldings,四无量心的观修,
苦道,the realms of suffering,四无量心的观修,
观修,contemplative practice,四无量心的观修,
观修仪规,contemplative practice ritual,四无量心的观修,
自他相换,exchange self and others,四无量心的观修,
无尽轮回,the endless cycle of rebirth,四无量心的观修,
流转,in the flow of ,四无量心的观修,
曾经的亲缘,the past bonds of kinship,四无量心的观修,
无始以来,from countless past lives / since beginningless time,四无量心的观修,
养育之恩,the nurturing kindness,四无量心的观修,
念恩生敬,remember one's kindness with respect,四无量心的观修,
众苦,suffering,四无量心的观修,
众苦因,the causes of suffering,四无量心的观修,
染污的,tainted,四无量心的观修,
三苦,Three Types of Suffering,四无量心的观修,
八苦,"Eightfold Suffering
Eight Types of Suffering","四无量心的观修
生命的痛苦及其解脱",
苦苦,Suffering of Suffering,四无量心的观修,
坏苦,Suffering of Change,四无量心的观修,
行苦,All-pervasive Suffering,四无量心的观修,
生苦,Suffering of Birth,四无量心的观修,
老苦,Suffering of aging,四无量心的观修,
病苦,Suffering of Sickness,四无量心的观修,
死苦,Suffering of Death,四无量心的观修,
爱别离苦,Suffering of Separation from loved ones,四无量心的观修,
怨憎会苦,Suffering of Encountering the Unpleasant,四无量心的观修,
求不得苦,Suffering of not Getting What One Wants,四无量心的观修,
五蕴炽盛苦,Suffering of the Five Aggregates,四无量心的观修,
十方三世,"in all ten directions and the three times(past, present, and future)",四无量心的观修,
乐果,pleasant results,四无量心的观修,
贪著的欢喜,joy tainted with greed,四无量心的观修,
不乐,dislike /displeasure,四无量心的观修,
有苦之乐,happiness with suffering,四无量心的观修,
涅槃乐,the bliss of nirvana,四无量心的观修,
欢喜心,joyful mind,四无量心的观修,
随喜功德的修行,practice of rejoicing in the merits of others,四无量心的观修,
诸佛如来,all the Buddhas and Tathagatas,四无量心的观修,
佛刹/佛土,Buddha lands,四无量心的观修,
六趣四生,the six realms and four kinds of birth,四无量心的观修,
辟支佛/缘觉,Pratyekabuddhas,四无量心的观修,
无上正等菩提,supreme enjlightment,四无量心的观修,
无量功德,immeasurable  merits,四无量心的观修,
成佛资粮,merits of enlightenment,四无量心的观修,
顺缘,favorable conditions,四无量心的观修,
出离,break free from,四无量心的观修,
无二无别的,equal and impartial,四无量心的观修,
如如不动,unwavering calmness,四无量心的观修,
爱取有,"craving, grasping, and becoming",四无量心的观修,
生命流转,the cycle of life,四无量心的观修,
世间善法,worldly virtue,四无量心的观修,
所加持,be blessed by ,四无量心的观修,
西园寺,"Suzhou West Garden Monastery of Vinaya School / 
Suzhou West Garden Monastery",,
断舍离,decluttering,从佛法视角谈“断舍离”,
觉醒的,Enlightened,从佛法视角谈“断舍离”,
生活美学,lifestyle aesthetics,从佛法视角谈“断舍离”,
禅意空间,Chan-inspired spaces,从佛法视角谈“断舍离”,
静心慢生活,slow-paced lifestyle,从佛法视角谈“断舍离”,
简约、有序的生活,simplistic and orderly lifestyle,从佛法视角谈“断舍离”,
自我的贪著,self-attachments,从佛法视角谈“断舍离”,
世界的贪著,world-attachments,从佛法视角谈“断舍离”,
布施之心,Generous Spirit,从佛法视角谈“断舍离”,
修习戒定慧,"Cultivating Precepts, Concentration and Wisdom",从佛法视角谈“断舍离”,
轮回,samsara,从佛法视角谈“断舍离”,
束缚,shackle,从佛法视角谈“断舍离”,
禁欲,asceticism,从佛法视角谈“断舍离”,
苦行,austerity,从佛法视角谈“断舍离”,
四依,Four Reliances,从佛法视角谈“断舍离”,
头陀行,Dhutanga practice,从佛法视角谈“断舍离”,
佛典,Buddhist scriptures,从佛法视角谈“断舍离”,
亲近善知识,associating with good teachers,从佛法视角谈“断舍离”,
四法行,Four Dharma Practices,从佛法视角谈“断舍离”,
三成法,Three Means of Accomplishment,从佛法视角谈“断舍离”,
学佛者,practitioners of Buddhism,从佛法视角谈“断舍离”,
"忆念人身的
暇满、义大、难得","reflect on human life’s preciousness, significance, and rarity",从佛法视角谈“断舍离”,
身口意,"body, speech, and thoughts",从佛法视角谈“断舍离”,
假相,illusory,从佛法视角谈“断舍离”,
暇满人身,the precious human existence,从佛法视角谈“断舍离”,
远离颠倒妄想,steer clear of misguided fantasies,从佛法视角谈“断舍离”,
摆脱放逸串习,break free from indulgent habits,从佛法视角谈“断舍离”,
内在贪著,inner attachments,从佛法视角谈“断舍离”,
自足的,self-sufficient,从佛法视角谈“断舍离”,
转依,transforming reliance,从佛法视角谈“断舍离”,
无始以来,innumerable lifetimes,从佛法视角谈“断舍离”,
世间的智者,worldly sages,从佛法视角谈“断舍离”,
戒定慧的修行,"disciplined practice of precepts, concentration, and wisdom",从佛法视角谈“断舍离”,
布施的意义,the value of giving,从佛法视角谈“断舍离”,
"布施、持戒、忍辱、
精进、禅定、般若","generosity,ethical discipline, endurance, diligence, meditative concentration, and wisdom",从佛法视角谈“断舍离”,
爱语、利行、同事,"kind speech, beneficial actions, and collaborative work",从佛法视角谈“断舍离”,
破除悭贪,break down the barriers of greed ,从佛法视角谈“断舍离”,
积累资粮,accumulate spiritual resources,从佛法视角谈“断舍离”,
广结善缘,create positive connections with others,从佛法视角谈“断舍离”,
法布施,sharing Dharma,从佛法视角谈“断舍离”,
无畏布施,offering protection or courage,从佛法视角谈“断舍离”,
修习慈悲心,cultivating compassion,从佛法视角谈“断舍离”,
以自我为轴心,center around the concept of self,从佛法视角谈“断舍离”,
条件关系的假相,conditional and illusory associations,从佛法视角谈“断舍离”,
烦恼之根,root of our afflictions,从佛法视角谈“断舍离”,
奉行中道，取舍有度,embrace the middle way and make decisions with moderation,从佛法视角谈“断舍离”,
儒家,Confucianism,从佛法视角谈“断舍离”,
戒,precepts,从佛法视角谈“断舍离”,
居士五戒,five precepts for lay followers,从佛法视角谈“断舍离”,
婆罗门教,Brahmanism,从佛法视角谈“断舍离”,
梵行期,Brahmacharya,从佛法视角谈“断舍离”,
家居期,Grihastha,从佛法视角谈“断舍离”,
林栖期,Vanaprastha,从佛法视角谈“断舍离”,
遁世期,Sannyasa,从佛法视角谈“断舍离”,
隐士,hermits,从佛法视角谈“断舍离”,
寂天菩萨,Bodhisattva Shantideva,从佛法视角谈“断舍离”,
阿底峡尊者,Atisha,从佛法视角谈“断舍离”,
内修外弘,internal cultivation and external propagation of the Dharma,从佛法视角谈“断舍离”,
断恶修善,renounce evil and practice virtue,从佛法视角谈“断舍离”,
六和敬,the Six Principles of Harmony,从佛法视角谈“断舍离”,
健康生活五大信念,the Five Wonderful Mindfulness Training,从佛法视角谈“断舍离”,
转迷为悟,transform delusion into enlightenment,人生五大问题,
XX的加持力,the blessings of ,人生五大问题,
三学,"the Threefold Training (Precepts, Meditation, and Wisdom)",人生五大问题,
五蕴身,the five-aggregate body,人生五大问题,
天、人、阿修罗、畜生、饿鬼、地狱六道,"heavenly beings, human beings, asuras, animals, humgry, ghosts, and hell beings",人生五大问题,
心灵因果,the causality of the mind,人生五大问题,
当下因果,the causality of the present moment,人生五大问题,
三世因果,the causality of the three lifetimes,人生五大问题,
人天善因,wholesome causes for humand and heavenly realms,人生五大问题,
因，缘，因果,"causes, conditions and causality",佛法在家庭教育中的运用,
业缘,karmic tie,佛法在家庭教育中的运用,
报怨,seek revenge,佛法在家庭教育中的运用,
增上善缘,reinforce past wholesome karma,佛法在家庭教育中的运用,
善知识,"enlightened teachers
good knowing advisor","佛法在家庭教育中的运用
《六祖坛经》与心理治疗",
道统,culture inheritance,佛法在家庭教育中的运用,
道德教化,moral education,佛法在家庭教育中的运用,
三不朽,three great accomplishments,佛法在家庭教育中的运用,
立德,set a moral example,佛法在家庭教育中的运用,
立功,perform great deeds,佛法在家庭教育中的运用,
立言,advocate noble ideas,佛法在家庭教育中的运用,
立心,set spiritual values,佛法在家庭教育中的运用,
立命,set life purpose,佛法在家庭教育中的运用,
立志,set an aspiration,佛法在家庭教育中的运用,
正心,rectify the mind,佛法在家庭教育中的运用,
诚意,sincerity,佛法在家庭教育中的运用,
修身,self-cultivation,佛法在家庭教育中的运用,
齐家,family regulation,佛法在家庭教育中的运用,
治国,governe the contry,佛法在家庭教育中的运用,
平天下,achieve world peace,佛法在家庭教育中的运用,
每日定课,daily practice,佛法在家庭教育中的运用,
四弘誓愿,the Four Great Vows,佛法在家庭教育中的运用,
阿弥陀佛四十八大愿,the Forty-Eight Great Vows of Amitabha Buddha,佛法在家庭教育中的运用,
药师如来十二大愿,the Twelve Great Vows of the Medicine Buddha,佛法在家庭教育中的运用,
惜福,"virtue of frugality
value resources
cherish blessings","佛法在家庭教育中的运用
佛法在家庭教育中的运用
茶与禅的修行",
仁义礼智信,"benevolence, righteousness, ritual propriety, wisdom, trustworthiness",佛法在家庭教育中的运用,
温良恭俭让,"gentleness, kindness, respectfulness, frugality and forbearance",佛法在家庭教育中的运用,
随喜心,rejoice in others'virtues,佛法在家庭教育中的运用,
观照内心,observe the mind,凡圣只在迷悟间,
调整心行,adjust the mental actions,凡圣只在迷悟间,
随业流转,drift along the flow of Karma,凡圣只在迷悟间,
真心,the true mind,凡圣只在迷悟间,
妄心,the deluded mind,凡圣只在迷悟间,
八识,the eight consciousnesses,凡圣只在迷悟间,
转染成净,convert defilements into purity,凡圣只在迷悟间,
转识成智,convert consciousness into wisdom,凡圣只在迷悟间,
业障,karmic obstacle,凡圣只在迷悟间,
自性,original nature /inherent nature,凡圣只在迷悟间,
起心动念,mental activities /thoughts and intentions,凡圣只在迷悟间,
因缘和合,the convergence of causes and conditions,凡圣只在迷悟间,
唯识经论,Yogacara teachings,凡圣只在迷悟间,
生命形态,the life state,凡圣只在迷悟间,
佛随念,The Recollection of the Buddha Mediation,凡圣只在迷悟间,
慈心禅,Loving-Kindness Meditation,凡圣只在迷悟间,
世间俗务,worldly matters,凡圣只在迷悟间,
中国禅茶,Chinese Chan Tea,煮茶观心,
日本茶道,Japanese Tea Ceremony,煮茶观心,
九住心,the nine stages of samatha meditation,煮茶观心,
三藏十二部典籍,the Tripitaka and the twelve divisions of Buddhist texts,煮茶观心,
宗门和教下,Chan Buddhism and other Buddhist teachings,煮茶观心,
机锋棒喝,sharp retorts and forceful actions,煮茶观心,
临济喝,"shouts of Linji, the Linji shout",煮茶观心,
观机逗教,instant responses to students’ faculties,煮茶观心,
至高至顿的见地,the highest and most immediate insight,煮茶观心,
明眼宗师,an enlightened master,煮茶观心,
上根利智,sharp faculty and keen wisdom,煮茶观心,
心灵尘垢厚重,a mind heavily burdened with impurities,煮茶观心,
心灵尘垢极薄,a mind with minimal impurities,煮茶观心,
五祖,the Fifth Patriarch,煮茶观心,
六祖,the Sixth Patriarch,煮茶观心,
直了成佛,realize Buddhahood directly,煮茶观心,
鹿野苑,at Deer Park,煮茶观心,
初转法轮,give his first teaching,煮茶观心,
佛陀拈花,Buddha’s Flower-Sermon,煮茶观心,
达摩东渡,Bodhidharma’s Journey to the East,煮茶观心,
灵山会上,during the assembly on Vulture Peak,煮茶观心,
世尊,the World-Honored One,煮茶观心,
迦叶尊者,the venerable Mahakashyapa,煮茶观心,
破颜微笑,break into a smile,煮茶观心,
禅宗心印,the mind-to-mind seal in Chan Buddhism,煮茶观心,
外在事业,worldly endeavors,煮茶观心,
不着相,be free from attachment to forms,煮茶观心,
有我相、人相、众生相、寿者相,"attach to the forms of self, others, sentient beings, and longevity",煮茶观心,
廓然无圣,"Vast emptiness, no sages!",煮茶观心,
断灭的空和无,a nihilistic void or mere nothingness,煮茶观心,
面壁,"meditate in seclusion, facing a wall",煮茶观心,
断臂求法,Severed the Arm to Seek the Dharma,煮茶观心,
安心之道,the path to inner peace,煮茶观心,
内在的观照力,an innate ability of observation,煮茶观心,
初祖达摩,the First Patriarch Bodhidharma,煮茶观心,
二祖慧可,the Second Patriarch Huike,煮茶观心,
三祖僧璨,the Third Patriarch Sengcan,煮茶观心,
一花开五叶,One Flower Blooms with Five Petals,煮茶观心,
沩仰宗,the Weiyang School,煮茶观心,
临济宗,the Linji School ,煮茶观心,
曹洞宗,the Caodong School ,煮茶观心,
云门宗,the Yunmen School,煮茶观心,
法眼宗,the Fayan School,煮茶观心,
杨歧派,Yangqi branch,煮茶观心,
黄龙派,Huanglong branch,煮茶观心,
五家七宗,"Five Schools, Seven Branches",煮茶观心,
德山棒,"the Deshan stick
stick blows of Deshan","煮茶观心
煮茶观心",
云门饼,the Yunmen cake,煮茶观心,
赵州茶,the Zhaozhou tea,煮茶观心,
能所二元,the duality of subject and object,煮茶观心,
体认不二的心,realize the non-dual mind,煮茶观心,
影像,mental image,煮茶观心,
认知模式,cognitive pattern,煮茶观心,
讲寺,teaching monastery,煮茶观心,
讲经说法,teach sutras and deliver Dharma talks,煮茶观心,
净宗寺院,Pure Land monastery,煮茶观心,
念佛求往生,chant the Amitabha Buddha’s name to seek rebirth in the Pure Land,煮茶观心,
律宗道场,Vinaya monastery,煮茶观心,
学人/大众,learner,煮茶观心,
机锋论辩,exchanges of incisive Chan wisdom,煮茶观心,
托钵乞食,alms-begging for food,煮茶观心,
禅宗的丛林制度,the monastic system of Chan Buddhism,煮茶观心,
农禅并重,integrating farming with Chan practice,煮茶观心,
四大班首,four head monastics,煮茶观心,
班首,the chief monastic,煮茶观心,
首座、西堂、后堂、堂主,"the Chief Seat Monastic, the West Hall Monastic, the Rear Hall Monastic, and the Hall Chief Monastic",煮茶观心,
八大执事,the Eight Officers,煮茶观心,
客堂,Guest Hall,煮茶观心,
库房,Storerooms,煮茶观心,
净头,the Cleaning Head,煮茶观心,
库头,the Storage Head,煮茶观心,
菜头,the Vegetable Head,煮茶观心,
茶头,the Tea Head,煮茶观心,
普请出坡,universal labor,煮茶观心,
出坡,outdoor labor,煮茶观心,
认识并契入本心,understand and connect with one's true mind,煮茶观心,
禅法,"Chan’s methods
Chan teachings","煮茶观心
煮茶观心",
入禅,enter Chan,煮茶观心,
用心,"use one's minds
engage the mind
a way of being mindful","煮茶观心
煮茶观心
茶与禅的修行",
禅堂打七,a seven-day meditation retreat,煮茶观心,
重要助缘,an important support,煮茶观心,
陈年老茶,aged teas,煮茶观心,
通畅气脉,enhance energy flow,煮茶观心,
侍者,attendant,煮茶观心,
寺院普请喝茶时,during communal tea breaks,煮茶观心,
茶空间,tea spaces,煮茶观心,
茶礼,tea etiquette,煮茶观心,
禅林,monasteries,煮茶观心,
侘茶,Wabi Tea,煮茶观心,
禅诗,Chan-inspired poetry,煮茶观心,
俳句,haiku,煮茶观心,
茶服,tea attire,煮茶观心,
安顿身心,"bring peace to the body and mind, settle the body and mind",煮茶观心,
仪式感很足,enriched with a strong sense of ceremony,煮茶观心,
感恩行礼,Greeting,煮茶观心,
静心备器,Preparing the Tea Set,煮茶观心,
煮水听茗,Listening to the Boiling Water and Observing the Mind,煮茶观心,
温器传香,Warming the Tea Set and Passing Around the Fragrance,煮茶观心,
泡茶醒心,Making Tea and Awakening the Mind,煮茶观心,
平等分茶,Distributing Tea Evenly,煮茶观心,
吃茶,Drinking Tea,煮茶观心,
静茶七式,the Seven Steps of Mindful Tea,煮茶观心,
静场七事,the Seven Steps to Mindful Space,煮茶观心,to要跟静茶七式一样改为of吗？
本来空,Original Emptiness,煮茶观心,
收摄身心,settle one's body and mind,煮茶观心,
善巧的设置,thoughtful arrangements,煮茶观心,
前行,"preparation
preparatory practice/preliminary practice","煮茶观心
八步骤三种禅修",
备器,arrange the utensils,煮茶观心,
起炭,ignite the charcoal,煮茶观心,
布席,arrange the mats,煮茶观心,
学无为,practice emptiness meditation,煮茶观心,
安心茶室,Dhyana Tea Space,煮茶观心,
佛堂,a Buddha hall,煮茶观心,
有了佛法智慧的统摄,with Buddhist wisdom as a guiding framework,煮茶观心,
以茶入禅,enter Chan through tea,以茶入禅,
回归本心,return to the original mind,以茶入禅,
开示,"Dharma Talk
guidance","以茶入禅
《六祖坛经》与心理治疗",
月光茶会,the moonlight tea ceremony,以茶入禅,
禅修,Chan meditation,以茶入禅,
明心见性的修行,a practice of realizing our true nature,以茶入禅,
茶道(茶文化),tea culture,以茶入禅,
茶禅一味,Tea and Chan share the same taste.,以茶入禅,
吃茶去,Go drink tea.,以茶入禅,
内心的了了明知,a clear and lucid awareness within,以茶入禅,
五欲:财色名食睡,"the five desires: wealth, sensuality, fame, food, and sleep",以茶入禅,
莫向外求,Do not seek outside yourself.,以茶入禅,
法身佛,"Dharmakaya, the truth body",以茶入禅,
报身佛,"Sambhogakaya, the enjoyment body",以茶入禅,
化身佛,"Nirmanakaya, the manifested body",以茶入禅,
一超直入如来地,directly attain the state of Buddhahood,以茶入禅,
刚强难调,too obstinate to be easily subdued,以茶入禅,
集资净障,accumulate merits and clear obstacles,以茶入禅,
契入点,an accessible and meaningful entry point,以茶入禅,
借助善巧方便,make wise use of skillful means,以茶入禅,
观慧,wisdom of contemplation,以茶入禅,
善用其心,engage the mind wisely,以茶入禅,
借假修真,use the tempory to cultivate the eternal,工作坊15,
上报四重恩,repaying the Four Great Kindnesses,以茶入禅,
"父母恩、师长恩、
国家恩、众生恩","the kindness of parents, teachers, the nation, and all beings",以茶入禅,
空灵的,serene,以茶入禅,
如法有序的生活,a well-ordered life in accordance with the Buddhist teachings,以茶入禅,
尘劳妄想,worldly entanglements and delusions,以茶入禅,
一即一切,One is All.,以茶入禅,
"本来具足的心
本自具足的心",the inherently self-sufficient mind,以茶入禅,
四处攀缘,cling to external distractions,以茶入禅,
用心习惯,the habits of engaging the mind,以茶入禅,
随缘,adapt to conditions,以茶入禅,
原本具足的清净心,the inherent pure mind,以茶入禅,
全然开放的心,a fully open mind,以茶入禅,
开启生命内在的清明,awaken our inner clarity of life,以茶入禅,
修心,cultivate the mind,以茶入禅,
心无所住,abid in nothing,以茶入禅,
遍知,all-encompassing,以茶入禅,
物来影现,effortlessly reflect whatever comes and goes,以茶入禅,
清净圆满,pure and complete,以茶入禅,
具足万法,perfectly encompassing all phenomena,以茶入禅,
亘古亘今,span through past and future,以茶入禅,
一念万年,a single thought encompassing eternity,以茶入禅,
语默动静,"speaking, silence, movement and stillness",以茶入禅,
禅茶会,the Chan tea ceremony,以茶入禅,
回归本心,return to the original mind,以茶入禅,
心月,the true mind,以茶入禅,
安住当下,settle in the present moment,以茶入禅,
歇即菩提,Subduing the deluded mind Is realizing the Bodhi.,以茶入禅,
专注力,concentration,以茶入禅,
觉察力,awareness,以茶入禅,
明（空性的特征）,clarity,以茶入禅,
不迎不拒,neither welcoming nor resisting,以茶入禅,
不贪不嗔,neither craving nor rejecting,以茶入禅,
不取不舍,neither clinging nor discarding,以茶入禅,
末法时代,the Degenerate Age of Dharma,传承国学,
佛儒兼修,one who embraced both Confucian and Buddhist paths,传承国学,
话头,huatou—a contemplative question,传承国学,
生活禅,everyday Chan,传承国学,
禅茶一味,Chan and tea in unity,传承国学,
正确的用心方式,a proper way of engaging the mind,传承国学,
静修,solitary practice,行到水穷处,
人生佛教,Buddhism of Human Life,行到水穷处,
契理契机,align with both the teachings and the mental faculties of the people,行到水穷处,
人间佛教,Humanistic Buddhism,行到水穷处,
五大要素,five essential elements,行到水穷处,
五十一种心所,fifty-one mental factors,行到水穷处,
根本烦恼,fundamental affliction,行到水穷处,
随烦恼,secondary affliction,行到水穷处,
别境心所,Situation-specific Mental Factor,行到水穷处,
善心所,Wholesome Mental Factor,行到水穷处,
正法,the Age of the True Dharma,行到水穷处,
像法,the Age of the Semblance Dharma,行到水穷处,
末法,the Age of the Degenerate Dharma,行到水穷处,
无生法忍,the forbearance of the non-arising dharmas,行到水穷处,
有为法,the conditioned dharmas,行到水穷处,
一念圆成,One Thought Perfectly Accomplished,行到水穷处,
因上努力，果上随缘,Put effort into the causes and let the result take its course.,行到水穷处,
